1000;2000;3000;4000;5000;6000;7000;8000;9000;10000;11000;12000;13000;14000;15000;16000;17000;18000;19000;20000;21000;22000;23000;24000;25000;26000;27000;28000;29000;30000;31000;32000;33000;34000;35000;36000;37000;38000;39000;40000;41000;42000;43000;44000;45000;46000;47000;48000;49000;50000;51000;52000;53000;54000;55000;56000;57000;58000;59000;60000;61000;62000;63000;64000;65000;66000;67000;68000;69000;70000;71000;72000;73000;74000;75000;76000;77000;78000;79000;80000;81000;82000;83000;84000;85000;86000;87000;88000;89000;90000;91000;92000;93000;94000;95000;96000;97000;98000;99000;100000
0.0022936000000299;0.0029685999998037;0.0045181999998931;0.0120351999999002;0.0079737999999451;0.0104646999998294;0.0120736999997461;0.0136195000000043;0.015053699999953;0.0229199999998854;0.0192172000001846;0.0240416999999979;0.0319390999998177;0.0241005999996559;0.02942800000028;0.0389673999998194;0.0307728000002498;0.0311845999999604;0.045979299999999;0.047258900000088;0.0365873000000647;0.040961199999856;0.053009799999927;0.0439652999998543;0.0569519000000582;0.0627816000001075;0.0623140999996394;0.0515070999999807;0.052453400000104;0.0653598999997484;0.0685590000002775;0.0610523999998804;0.067849500000193;0.0681877000001804;0.0653830000001107;0.074787600000036;0.068980399999873;0.0711648999999852;0.0761347000002388;0.0734062999999878;0.0879800000002433;0.0781256000000212;0.0798185999997258;0.0932809999999335;0.0839430000000902;0.0858693999998649;0.0889194999999745;0.092847299999903;0.0928979999998773;0.1055057000003216;0.0962751000001844;0.0973244000001614;0.1016390999998293;0.1030158000003211;0.1058938000001035;0.1140217000001939;0.1204404999998587;0.1198051000001214;0.1141508999999132;0.125894999999673;0.1296858000000611;0.1311620999999831;0.1196403999997528;0.1342005000001336;0.1280971000001045;0.1354817999999795;0.1368664999999964;0.1342818000002807;0.1355881999998018;0.1438296000001173;0.1436548000001494;0.1372268000000076;0.1418678999998519;0.1481326999996781;0.1451123000001644;0.1463886000001366;0.1530463999997664;0.1550408000002789;0.1648355000002084;0.1614837000001898;0.1570078999998259;0.1607410999999956;0.1648523999997451;0.1762679000003117;0.1669517000000269;0.1720107999999527;0.1744598999998743;0.1804575999999542;0.1742702999999892;0.1760352999999668;0.1869418000001133;0.1819894999998723;0.1899511000001439;0.1855525999999372;0.1865423999997801;0.1914135000001806;0.1950959999999213;0.1977861999998822;0.1968244000004233;0.19894290000002
0.002218200000243;0.0034847000001718;0.0067872999998144;0.0082477000000835;0.0089158000000679;0.0122949999999946;0.019787499999893;0.0127572999999756;0.0194816999996874;0.0164248000000952;0.019108700000288;0.0268888999999035;0.0309736999997767;0.0245354000003317;0.0267358000000967;0.0267122000000199;0.0307533000000148;0.0352874000000156;0.0337505000002238;0.0349791000003278;0.0380233000000771;0.0385448000001815;0.0404643000001669;0.0464496999998118;0.0466156000002229;0.0475050999998529;0.0518695000000661;0.0620696999999381;0.0645862999999735;0.0645918999998684;0.0689644999997654;0.0699750999997377;0.0607866999998805;0.0740431999997781;0.0764483999996628;0.066477500000019;0.079328699999678;0.0814967000001161;0.084878000000117;0.0856174000000464;0.0840419999999539;0.0892297999998845;0.0935056000002987;0.0873046000001522;0.0966189999999187;0.0928302999996049;0.0888807000001179;0.0940473000000565;0.1062805999999909;0.1035031999999773;0.0990398999997523;0.1054877000001397;0.1075246000000333;0.1052804999999352;0.106159800000114;0.1173596999997244;0.1088260999999874;0.1110847999998441;0.1132749000003059;0.1149073999999927;0.1149657000000843;0.1186677999999119;0.1227277999996658;0.1238568000003397;0.1252439999998387;0.135327700000289;0.1400675999998384;0.1324405000000297;0.1343375999999807;0.1363905999996859;0.1444277000000511;0.1396128000001226;0.1403466000001572;0.1424311000000671;0.1454389000000446;0.1492874999999003;0.1494876000001568;0.1527510999999322;0.1546952999997302;0.154607500000111;0.1605767000000924;0.1628505999997287;0.1721173000000817;0.1683758999997735;0.1698240999999143;0.1690635999998448;0.1768398000003799;0.1741719999999986;0.173665599999822;0.1772009999999682;0.1885262000000693;0.1844415999999;0.1847199999997428;0.187641099999837;0.1875686000003043;0.1941783999996005;0.1987988999999288;0.1976586000000679;0.2024552000002586;0.2088304000003518
0.0013857999997526;0.0030772999998589;0.0088916999998218;0.0120016999999279;0.007871399999658;0.012839299999996;0.0118508000000474;0.013052300000254;0.0160568999999668;0.0169474999997873;0.0193550999997569;0.0202334999999038;0.0317051000001811;0.0236385999996855;0.033964300000207;0.0394150999995872;0.0310065000003305;0.043559699999605;0.0451029000000744;0.0475597999998171;0.0491398000003755;0.0400005999999848;0.0532427999996798;0.0436698000003161;0.0468617999999878;0.0519745000001421;0.0486633000000438;0.0511486999998851;0.064484099999845;0.0549784999998337;0.0557823999997708;0.0597511000000849;0.0719047999996291;0.0758553999999094;0.0654638999999406;0.0660346999998182;0.0702618999998776;0.0709286999999676;0.0737310999998044;0.0757736999998996;0.0763222000000496;0.0797311999999692;0.0807979999999588;0.0823503999999957;0.0856975000001512;0.0870020000002114;0.0895519999999123;0.1063484999999673;0.0975651999997353;0.1098281999998107;0.0961171999997532;0.1118931000000884;0.1013766999999461;0.1105158999998821;0.1053301000001738;0.1136330999997881;0.1111886000003323;0.1110846999999921;0.112749100000201;0.1146419000001515;0.1168676000002051;0.1192405000001599;0.1203038000003289;0.1240050999999766;0.1232902000001558;0.1256982999998399;0.1316136999998889;0.1337954000000536;0.1437065000000075;0.1419369000000188;0.1366902000004302;0.1382198000001153;0.1401168999996116;0.1433919999999489;0.1459006999998564;0.148458500000288;0.1562819999999192;0.1521864000001187;0.1639181000000462;0.1589280999996845;0.1592890000001716;0.1608456999997543;0.1651543000002675;0.164640600000439;0.1680652000000009;0.1714984000000186;0.171306100000038;0.1760991999999532;0.1741768000001684;0.1778365999998641;0.1803271000003405;0.1806709000002229;0.1857393999998748;0.1882147999999688;0.188437100000101;0.1923013999999057;0.1940365000000383;0.1963854999999057;0.2010619000002407;0.1993157999995674
0.0016916999998102;0.0028583000002981;0.0056007000002864;0.0065455999997539;0.0154617000002872;0.0096282999998038;0.016279200000099;0.0135784999997667;0.0155523000003086;0.0168585000001257;0.0198325999999724;0.0204921999998077;0.0329047000000173;0.0314551000001301;0.0378414000001612;0.0371280999997907;0.0416270000000622;0.0438128999999207;0.0337211000000934;0.0475787999998829;0.0395074999996722;0.0473228000000744;0.0400078000002395;0.0430436999999983;0.0562135000000125;0.0501016000002891;0.0604900999996971;0.06207379999978;0.0524003999998967;0.0544983999998294;0.06794519999994;0.0696984000001066;0.0606517999999596;0.0638103999999657;0.0653718999997181;0.0782112000001689;0.067615299999943;0.0723758999997699;0.0746902999999292;0.0743014999998195;0.0853615999999419;0.0894328000003952;0.0879373000002488;0.0821623000001636;0.093542300000081;0.0863461000003553;0.0905788000000029;0.1020131999998739;0.0993309999998928;0.0952266000003874;0.0966075999999702;0.0987744000003658;0.1082925000000614;0.1030884000001606;0.1051084999999147;0.1066305999997894;0.1212234999998145;0.1198967000000266;0.1135966000001644;0.120152599999983;0.1179219999999077;0.1195080000002235;0.1198389000001043;0.1276349999998274;0.1312324000000444;0.1252402000000074;0.1389576000001398;0.1363013999998656;0.1384748000000399;0.1379040000001623;0.1353401999999732;0.1382851999997001;0.140490199999931;0.1423296000002665;0.154961700000058;0.1475737000000663;0.1495238000002245;0.1545301000001018;0.1521152999998776;0.1587637999996332;0.1599669000001995;0.1603876000003765;0.1665732999999818;0.1642827999999099;0.1684181000000535;0.1693019000003914;0.1710470999996687;0.1746387999996841;0.1757511000000704;0.1769788999999946;0.1792629000001397;0.1808785000002899;0.1848826999998891;0.1849767999997311;0.1864338000000316;0.1931316000000151;0.1953587000002699;0.2011535999999978;0.1950312000003577;0.1989284999999654
0.0026598999997986;0.0028824999999415;0.0048358000003645;0.006232600000203;0.0081474999997226;0.0177983000003223;0.0154637999999067;0.0126259000003301;0.0242892999999639;0.0163314999999784;0.0192052000002149;0.0211610000001201;0.0234081000003243;0.0360669000001507;0.0265003999998043;0.0391140000001541;0.0344792999999299;0.0450537000001531;0.0333407999996779;0.0360829999999623;0.0372772000000622;0.0408769000000575;0.0415340999998079;0.0444202999997287;0.0476118999999926;0.0487002999998367;0.0608349999997699;0.0630028999999012;0.0642801999997573;0.0640478000000257;0.0684281000003466;0.0731494999999995;0.0698904000000766;0.0749955000001136;0.076937799999996;0.0785794999997051;0.078201799999988;0.0698683000000528;0.0734995000002527;0.0832887999999911;0.0768419999999423;0.0903627000002416;0.0870136999997157;0.0824526000001242;0.0897550999998202;0.0878830000001471;0.0890924999998787;0.1029062000002341;0.1012009999999463;0.1034847000000809;0.1008537999996406;0.1120928000000276;0.1065429999998741;0.1041819000001851;0.1051526999999623;0.113742000000002;0.1087984000000688;0.1175293999999667;0.1191890999998577;0.1206694000002244;0.1199980000001232;0.1266244000003098;0.1262154999999438;0.1240849999999227;0.1260071000001517;0.1261411999998927;0.1441979999999603;0.144185600000128;0.1339733999998316;0.1365879999998469;0.139181500000177;0.1379879999999502;0.1407712000000174;0.1502011999996284;0.1472598999998808;0.1578400000003057;0.1556138000000828;0.1533082000000831;0.1595388000000639;0.1558230000000549;0.1579954999997426;0.1656099000001631;0.165316999999959;0.1652319999998326;0.1745631000003413;0.1669483999999101;0.1772709000001668;0.1731029000002308;0.1732753999999658;0.1806808999999702;0.1827711999999337;0.1811824999999771;0.1849822000003769;0.1867919999999685;0.1906819999999243;0.1940298000004077;0.1951070999998592;0.1951100000001133;0.1972074000000248;0.1997777000001406
0.00147620000007;0.0028839999999945;0.004553400000077;0.0060577999997804;0.008172100000138;0.0115322999999989;0.0117098999999143;0.0233239999997749;0.0190327999998771;0.0191562999998495;0.0206738000001678;0.0258334000000104;0.0345440999999482;0.0252402999999503;0.0268507999999201;0.0279664999998203;0.04285660000005;0.0435460999997303;0.0457851000001028;0.047178199999962;0.037215500000002;0.0415066999998998;0.041703200000029;0.0564004000002569;0.0479193999999552;0.0524714000002859;0.0608209000001807;0.0629100000001017;0.0673040000001492;0.0666916000000128;0.0607646999997086;0.0606580999997277;0.060506400000122;0.0750379000000975;0.0661086999998588;0.0785848999998961;0.0800564999999551;0.0730260000000271;0.0856373999999959;0.0875839999998788;0.088949599999978;0.0908392000001185;0.0937889000001632;0.0891656999997394;0.0925813000003472;0.1002996000001985;0.0933262000003196;0.1035861999998815;0.1092882000002646;0.110470599999644;0.1115636000004087;0.1074151999996502;0.1150010999999722;0.1130070999997769;0.1072721000000456;0.1207188000003043;0.1195972999998957;0.1206782999997813;0.1246292999999241;0.1227120999997168;0.1291028000000551;0.1265964999997777;0.1237888999999086;0.1228264999999737;0.1317552999998952;0.1256476999997176;0.1318299000004117;0.1346542000001136;0.138257799999792;0.139546099999734;0.1394156999999722;0.1391418000002886;0.1458912999996755;0.1436674999999923;0.147164800000155;0.1478538000001208;0.1511927000001378;0.1608642999999574;0.1632082999999511;0.1619553000000451;0.1632463000000825;0.165715099999943;0.1693261000000347;0.1663298999997096;0.1696068000001105;0.1702769000003172;0.1731485000000248;0.1834407000001192;0.1765896000001703;0.1795680000000175;0.1803233999999065;0.1875810999999885;0.1886002000001099;0.1899214000000029;0.193742899999961;0.1964100999998663;0.1989089999997304;0.2006851000001006;0.2045081000001118;0.2020567999998093
0.0026247999999213;0.0029538999997384;0.0045042000001558;0.0101712999999108;0.0121758999998746;0.0162476000000424;0.0183525000002191;0.0138027000002693;0.0193521000001055;0.0281820000000152;0.0187007999998058;0.032267099999899;0.0300022999999782;0.0235294000003705;0.0327829000002566;0.0375355999999555;0.038958999999977;0.0393459000001712;0.0453695999999581;0.0466716999999334;0.0380660999999236;0.0505855999999766;0.0414731999999276;0.0436260999999831;0.0469077000002471;0.0510934999997516;0.0483996000002662;0.0518302999998923;0.0640785999999025;0.0560643000003437;0.0639772999998058;0.0631404999999176;0.0615723999999318;0.0749055000001135;0.0762933000000885;0.0740931999998792;0.0681348999996771;0.0825820999998541;0.0735306000001401;0.0756073000002288;0.0762438000001566;0.0791100000001279;0.0820137999999133;0.0828110000002197;0.0961917999998149;0.0996860000000197;0.0886755000001358;0.0989106000001811;0.100385599999754;0.0992941999998038;0.0975879999996323;0.1053179999998974;0.099666900000102;0.1075301000000763;0.1143571000002339;0.1150849000000562;0.1084418000000368;0.1177985999997872;0.1227714000001469;0.1193388000001505;0.1147983999999269;0.127141599999959;0.1265536999999312;0.126001499999802;0.1253904000000147;0.1265240999996422;0.1359514999999191;0.1319500999998126;0.1362236999998458;0.137182699999812;0.1367790000003879;0.1418953000002147;0.1440107000003081;0.1413665000000037;0.1498133999998572;0.148983600000065;0.1536919000000125;0.1544785999999476;0.1539483999999902;0.1551052999998319;0.1602072000000589;0.1685983000002124;0.1678751999997985;0.164964399999917;0.1655591000003369;0.1676102999999784;0.1780235000001084;0.1718959999998333;0.1748123000002124;0.1763718000001972;0.17870640000001;0.1806025000000772;0.1843776000000616;0.1873337000001811;0.1919428999999581;0.197534700000233;0.1941584999999577;0.1946971000002122;0.2019074999998338;0.1988742000003185
0.0013523000002351;0.0028866000002381;0.005014200000005;0.005985000000237;0.0081811000000016;0.0156734000001961;0.0125533000000359;0.013102500000059;0.0163540000003195;0.0189406999998027;0.0304049999999733;0.0210894000001644;0.0231990000002042;0.0361413000000538;0.026901899999757;0.0390683000000535;0.0422098999997615;0.0320710999999391;0.0448125000002619;0.0348186999999597;0.0488515999995797;0.0479679000000032;0.0528899999999339;0.0572737999996206;0.0459184999999706;0.0588213999999425;0.0499896000001172;0.0624720000000706;0.0640865000000303;0.0656160999997155;0.0678295000002435;0.0723134999998365;0.0715034999998351;0.0709462999998322;0.0765442000001712;0.0785022999998545;0.0791564999999536;0.0823871999996299;0.0839975000003505;0.0858557999999902;0.0763222999999015;0.0781047999998918;0.0901843999999982;0.0898486999999477;0.0953010999996877;0.0869236999997156;0.0891968999999335;0.0918741000000409;0.0928830000002562;0.1087806999998974;0.1011690999998791;0.0999947999998767;0.1130974000002424;0.1084854000000632;0.1137597000001733;0.1166023999999197;0.1188265000000683;0.117014299999937;0.1180341999997836;0.1161321999998108;0.1159044999999423;0.1205594000002747;0.1280557999998564;0.1220088000000032;0.1367417999999816;0.1258346999998139;0.1384868000000096;0.1346421999996891;0.1360492000003432;0.1363440999998602;0.136108200000308;0.1440380999997614;0.1441498999997748;0.1433733999997457;0.1459798999999293;0.1527752000001783;0.1516175000001567;0.1535493999999744;0.1553136000002268;0.164779599999747;0.1713263999999981;0.1669094999997469;0.171488699999827;0.1685543000003235;0.1840997000003881;0.1711495999998078;0.1829600000000937;0.1737365000003592;0.1762736999999106;0.1759784999999283;0.1821446999997533;0.1844089999999596;0.1843546999998579;0.1881834000000708;0.1905255000001489;0.1933693999999377;0.1939348000000791;0.1990481000002546;0.1985036999999465;0.2026502999997319
0.0013618999996651;0.0056715999999141;0.0050805999999283;0.006343100000322;0.0079025000000001;0.0101491000000351;0.0150352999999086;0.0134200000002238;0.0163932999998905;0.0171212999998715;0.020169899999928;0.0254696000001786;0.026589199999762;0.0262662000000091;0.026364199999989;0.0273447999998097;0.0394633999999314;0.0323954000000412;0.0423243000000184;0.0365237999999408;0.0384958999998161;0.0481147999998938;0.0534443999999894;0.0533677000003081;0.0588010999999824;0.0580352000001767;0.0507582000000184;0.0527415999999902;0.0661977999998271;0.0616506999999728;0.0644811000001936;0.0617699999997967;0.072852000000239;0.0656512999998994;0.0778983000000153;0.0674960000001192;0.0710595000000466;0.0799445999996351;0.0867087999999967;0.0880011999997805;0.088749000000007;0.0807807000001048;0.0934953999999379;0.0922453999996832;0.0868433999999069;0.089620300000206;0.0927181000001837;0.0951129000000037;0.0956484999996973;0.108349999999973;0.0999578000000838;0.1100078999998004;0.1023417000001245;0.1063659999999799;0.1189200000003438;0.1156052999999701;0.1112964000003557;0.1149577999999564;0.1163446000000476;0.1216433999998116;0.1183350999999675;0.1232660000000578;0.126542900000004;0.1353086999997685;0.1310515999998642;0.1283817999997154;0.1336295999999492;0.1368920999998408;0.1378062999997382;0.1485537999997177;0.1429536000000553;0.153059800000392;0.1447794999999132;0.1556915000001026;0.1483592999998109;0.1497819999999592;0.1587222000002839;0.1594676999998228;0.1582585000001017;0.1594313000000511;0.1619123000000399;0.1635464000000865;0.1693430000000262;0.1714508999998543;0.1692039999998087;0.173168600000281;0.1751017999999931;0.1761964000002081;0.1802388000000974;0.1803051000001687;0.1863188000002082;0.188348500000302;0.1891259000003629;0.1950060999997731;0.1952025999999023;0.1973777999996855;0.2011441999998169;0.2055924999999661;0.2045671000000766;0.2085019999999531
0.0014009999999871;0.0028667999999925;0.0047895000002426;0.0062410000000454;0.0077221000001372;0.0160002999996322;0.0125956000001679;0.0130684000000655;0.0158142000000225;0.017837899999904;0.0199250999999094;0.0281466000001273;0.0293704000000616;0.0252202000001489;0.0255455000001347;0.0281113999999433;0.0305826000003435;0.0428274999999302;0.033132999999907;0.0438753999997061;0.0499890999999479;0.0414405999999871;0.0432772999997723;0.0437234000000898;0.0459710000000086;0.047998600000028;0.0552646999999524;0.0530177999999068;0.0531968000000233;0.0659531000001152;0.057340600000316;0.0593595000000277;0.0605399000000943;0.0753009999998539;0.0669725000002472;0.0678559000002678;0.0692727000000559;0.0734807999997428;0.0735616000001755;0.0850523999997676;0.0768981000001076;0.0792472999996789;0.081664499999988;0.0930523000001812;0.086361499999839;0.0864700999995875;0.088360300000204;0.0922301999999035;0.0923451999997269;0.0968394999999873;0.1083294000000023;0.0980682999997952;0.1002132000003257;0.1043912000000091;0.1039040999999088;0.1196158000002469;0.1102926000003208;0.1113682999998673;0.1133485999998811;0.1138083000000733;0.1178848999998081;0.1228821999998217;0.1215793000001213;0.1208996000000297;0.1260524999997869;0.1299364000001333;0.1415114999999787;0.1345225000000027;0.1371141999998144;0.1365286999998716;0.1371761000000333;0.1384559000002809;0.1419708000003083;0.1448212000000239;0.148690600000009;0.1481311000002279;0.1508130000001983;0.1548220999998193;0.153640600000017;0.1568577000002733;0.1567514999997001;0.1597854000001461;0.1638453000000481;0.1647198000000571;0.1664169000000583;0.1696700000002238;0.1751341000003776;0.1738270000000739;0.1765145999997912;0.1783039000001736;0.1822692000000643;0.1835209000000759;0.1832964999998694;0.1870447999999669;0.1863263999998707;0.1920259999997142;0.1924070000000028;0.1938968999997996;0.1998408000004019;0.2020291000003453
0.0013770000000477;0.0037178000002313;0.0046400000001085;0.0063752999999451;0.0087813999998616;0.0108146000002307;0.0113591999997879;0.0200656000001799;0.0153127999997195;0.0230719000001045;0.0298294999997779;0.0216193000001112;0.0225278000002617;0.0263568999998824;0.0258972000001449;0.029114699999809;0.0324516999999104;0.0334858000001077;0.0460539000000608;0.0376081000003978;0.0382449999997334;0.051324200000181;0.0432129999999233;0.0476077000002987;0.0478432999998403;0.0476549999998496;0.0570684999997865;0.0540568999999777;0.0541600000001381;0.0555753000003278;0.0573548000002119;0.0717187999998714;0.0695769000003565;0.0656379000001834;0.0782739000001129;0.0795235000000502;0.0702415000000655;0.0732492999995884;0.0825909000000137;0.0774655000000166;0.0790472999997291;0.0894623999997747;0.0832648000000517;0.0950982999997904;0.0950428000001011;0.0971294999999372;0.0903243999996448;0.0984661999996205;0.1019943000001148;0.1080346999997345;0.0990934999999808;0.1010618000000249;0.108257599999888;0.1063639999997576;0.1136345999998411;0.1097515999999814;0.1180246999997507;0.1190451000002212;0.1232418000004145;0.1227011000000857;0.1239617000001089;0.1228218000001106;0.1230173999997532;0.1249738000001343;0.1272370000001501;0.129483799999889;0.1353188000002774;0.1369113999999172;0.1385715999999774;0.1398040999997647;0.1398815000002287;0.1421841000001222;0.1434047000002465;0.1514424000001781;0.1530266999998275;0.1516553999999814;0.1515008999999736;0.1649399999996603;0.1668514000002687;0.1631953000000976;0.1650770000001102;0.1640773999997691;0.1705016999999316;0.1699403000002348;0.1696547000001373;0.1744282999998176;0.1794165000001157;0.1760550999997576;0.1860240999999405;0.1817348999998103;0.183209700000134;0.1850875000000087;0.1910345999999663;0.191542500000196;0.1905534999996234;0.1971358999999211;0.19476080000004;0.1998689000001832;0.2007170000001679;0.2043748999999479
0.0013398999999481;0.0038171000001057;0.0062681999997948;0.0092082000001028;0.0114822000000458;0.0097647000002325;0.0194691000001512;0.0126399999999193;0.0222734999997555;0.0251993000001675;0.0185809999998127;0.022899800000232;0.022765199999867;0.0358541000000514;0.0375421999997342;0.0277734999999665;0.0299052000000301;0.0315080000000307;0.0347544000001107;0.0366675000000213;0.0373070000000552;0.0388434999999844;0.0421890000002349;0.0424546999997801;0.0445285999999214;0.0497846999996909;0.0573245999999016;0.0510238000001663;0.0532625999999254;0.0542620999999599;0.0565640999998322;0.0682566000000406;0.0597124999999323;0.0640281000000868;0.0725210999999035;0.0668141000001014;0.0683373000001665;0.0715847000001304;0.0728794000001471;0.0861583000000791;0.077314699999988;0.0894260000000031;0.0808649999999033;0.0820334999998522;0.0846705000003567;0.0869029999998929;0.0889015000002473;0.0900865999997222;0.092341199999737;0.1010830999998688;0.0987522999998873;0.0988017999998192;0.1002140999999028;0.1051866000002519;0.1056008999998994;0.10669740000003;0.1088780000000042;0.1112622000000556;0.1129703999999947;0.1145733999996991;0.1160540999999284;0.1199283999999352;0.1205400999997436;0.1224664999999731;0.1232244000002538;0.1277742000002035;0.1321396999996977;0.1341552999997475;0.1368830999999772;0.135580199999822;0.1365291000001889;0.1418474000001879;0.1531706000000667;0.1432998000000225;0.1473157000000355;0.1478072999998403;0.1502118999997037;0.1529614999999466;0.1532967999996799;0.1571437000002333;0.1600503999998181;0.1603328000001056;0.1656040000002576;0.1680790000000342;0.1671946999999818;0.1685671999998703;0.1744175999997423;0.1815096999998786;0.1733494999998583;0.1785537000000658;0.1785150999999132;0.1835145000000011;0.1865744000001541;0.1882753999998385;0.1879306999999244;0.1909408000001349;0.1949054000001524;0.1975776999997833;0.1980435999998917;0.199565899999925
0.0014390000001185;0.0029886000002079;0.0050913000000036;0.006144100000256;0.0145564999997986;0.0186821000002055;0.0119617999998808;0.0140162000002419;0.0159498000002713;0.0227709999999206;0.019571199999973;0.0205899000002318;0.0251418999996531;0.0242012999997314;0.0349956999998539;0.0392186999997647;0.0437673999999788;0.0319481999999879;0.033195799999703;0.0441915000001245;0.0372630000001663;0.0396436000000903;0.0423875000001316;0.0542906000000584;0.0456096000002617;0.0500291000003016;0.0549221999999645;0.0631103000000621;0.0647001000002092;0.0627373999996052;0.0679132000000208;0.0709615000000667;0.0695804999995743;0.0750505999999404;0.0698144000002685;0.0658400000002075;0.0798924000000624;0.0829392000000552;0.0815635000003567;0.0747605000001385;0.0861463000001094;0.0906676999998126;0.0901929999999993;0.0948066000000835;0.0958979000001818;0.0975518999998712;0.0929801000002044;0.0905826000002889;0.0927063999997699;0.0992375999999239;0.0991410999999971;0.0995978999999351;0.1025870000003124;0.101766399999633;0.1115955000000212;0.1084255999999186;0.108943299999737;0.1175311000001784;0.1184576000000561;0.1210447000003114;0.1213818000001083;0.1260631000000103;0.121606299999712;0.1279415999997581;0.1251655999999457;0.1259761999999682;0.1311978000003364;0.1378513999998176;0.1415514999998777;0.1442975999998452;0.137004700000034;0.1389405999998416;0.1417993000000024;0.1429785999998785;0.1464826999999786;0.1519182999995791;0.1501840999999331;0.153652399999828;0.1634473999997681;0.1568672000003061;0.1595680999998876;0.1606799000001046;0.163611899999978;0.1643634999995811;0.1698794999997517;0.1692270999997163;0.1791473999996924;0.1742494999998598;0.1796364000001631;0.1780566000002181;0.1826941999997871;0.1820292000002155;0.1855474000003596;0.1895376000002215;0.1864353000000846;0.1913383999999496;0.1937125999997988;0.1938218999998753;0.1974726999997074;0.1976263999999901
0.0013727000000471;0.0036242999999558;0.0055241000000023;0.0067905999999311;0.0130392000000938;0.0124006000000918;0.0129149999997935;0.0137545999996291;0.0165311999999175;0.0169258000000809;0.0198433999998997;0.0304308999998283;0.0327467000001888;0.0318624999999883;0.0257997999997314;0.0290286999997988;0.0312370999999984;0.0404515000000174;0.0343748999998752;0.0382139000003007;0.037510900000143;0.0511470999999801;0.0548475999999027;0.0557784999996329;0.0569956000003912;0.0616683000002922;0.0501328000000285;0.051126700000168;0.055272099999911;0.0667419000001245;0.0588664000001699;0.0591205000000627;0.0606049000002713;0.0641188000004149;0.0657906999999795;0.0666283000000476;0.0691180000003441;0.0822315999998863;0.0730591999999887;0.0876499999999396;0.079283900000064;0.0787086000000272;0.082395699999779;0.0914032000000588;0.0960092000000258;0.0887434999999641;0.0907508000000234;0.0929495000000315;0.0938022000000273;0.1016994000001432;0.0976049000000784;0.1004739999998491;0.1107402999996338;0.120418100000279;0.1064489999998841;0.1084372999998777;0.1117036000000553;0.1130532000001949;0.1141609999999673;0.1151018999998996;0.1176892999997107;0.1205058000000462;0.1222310000002835;0.122348299999885;0.1277369000004;0.1285136999999849;0.1321215999996638;0.1371958999998241;0.1369452000003548;0.1365276999999878;0.1411594999999579;0.1404169999996156;0.1426571000001786;0.1455882000000201;0.1475464000000101;0.1480421999999635;0.1509224000001268;0.1654410999999527;0.1560233000000153;0.1579222999998819;0.1597739000003457;0.1618969999999535;0.169546099999934;0.1664448999999876;0.1661608999997952;0.1825337999998737;0.1717243000002781;0.177123500000107;0.1792813000001842;0.1790559000000939;0.1823502000002008;0.1814585000001898;0.1861886000001504;0.190911899999719;0.1921409000001404;0.1998140000000603;0.1979575000000295;0.2003611000000091;0.1990101000001232;0.2049059000000852
0.0013708999999835;0.005681099999947;0.008887500000128;0.0114500999998199;0.014868799999931;0.0158126000001175;0.0119417999999313;0.0134162999997897;0.0150334999998449;0.0175787000002856;0.0199707000001581;0.02101520000042;0.0238766000002215;0.0236978999996608;0.0348434000002271;0.028179700000237;0.0419391000000359;0.0322737999999844;0.0337375999997675;0.0357144999998126;0.0389178000000356;0.0388069999999061;0.0424972999999226;0.0430860999999822;0.0454895999996551;0.0495743000001311;0.056119000000308;0.0537837000001673;0.0657008999996833;0.0652258999998594;0.068363799999588;0.0608375000001615;0.0611168999998881;0.0765886999997746;0.065810799999781;0.0785424999999122;0.0786251999998057;0.0833431999999447;0.0863355999999839;0.08741770000006;0.0850920000002588;0.0787205000001449;0.0807737000000088;0.0949755999999979;0.0917491999998674;0.0872934000003624;0.0947543000002042;0.1040631999999277;0.094596299999921;0.1036375999997289;0.1103726999999707;0.1048783999999614;0.1007424999997965;0.1046071999999185;0.1172293999998146;0.1207100999999966;0.1102624000000105;0.1132290000000466;0.125158399999691;0.1148753000002216;0.127532599999995;0.130405399999745;0.1223173000003043;0.1217424000001301;0.1383503000001837;0.1315835000000333;0.139437799999996;0.1355319999997846;0.1364987000001747;0.1362761999998838;0.1384307000002991;0.1388538999999582;0.1469895000000178;0.1451563999999052;0.1486859999999978;0.1465456999999332;0.1513780000000224;0.1556221999999252;0.1546588000001065;0.1578216000002612;0.1591699000000517;0.1622954000004028;0.1635362999995777;0.1651382000000012;0.1682106999996904;0.1704745000001821;0.1715702000001329;0.17459080000026;0.1749285000000782;0.1770613999997294;0.1840020999998159;0.1898642999999538;0.1870106999999734;0.1896996999998919;0.1901789999997163;0.1940340999999534;0.1957749000002877;0.1992585999996663;0.2007932000001346;0.2039088000001356
0.0013658000002578;0.0031908000000839;0.0052647999996224;0.0072924999999486;0.0091803000000254;0.0097958999999718;0.0131301999999777;0.0140648999999939;0.0157180000001062;0.0171230000000832;0.0201320000001032;0.0211604999999508;0.0232238999997207;0.0241674000003513;0.0253606000001127;0.0383142000000589;0.041787000000113;0.032377500000166;0.045340699999997;0.0353704999997717;0.0376444000003175;0.0405532000004313;0.0504110000001674;0.0543003999996472;0.0589050000003226;0.0502028999999311;0.0609877000001688;0.0515559000000394;0.052632800000083;0.0538371000002371;0.0572191999999631;0.0695991000002322;0.0603101000001515;0.0746917000001303;0.0665850999998838;0.066472099999828;0.0689299999999093;0.0710935000001882;0.0849530000000413;0.0744952999998531;0.0767163000000437;0.0781019999999443;0.0809379000002081;0.0936879000000772;0.0875568000001294;0.0866781999998238;0.0996092000000317;0.0917343999999502;0.0921684999998433;0.0966343999998571;0.0987414000001081;0.0989752000000407;0.1006122999997387;0.1036140999999588;0.1135524999999688;0.1071504999999888;0.1096694999996543;0.1100946999999905;0.113373700000011;0.1130060999998932;0.1209316000004037;0.1209773999999015;0.1218533999999635;0.1203366999998252;0.1250977999998213;0.1332969000000048;0.1377009000002544;0.1313168000001496;0.1374462000003404;0.1338384999999107;0.1365427000000636;0.1379696999997577;0.1434401000001344;0.1432995000000119;0.1483877999999094;0.1488592000000608;0.152443100000255;0.1532873999999537;0.1569181999998363;0.1572793999998794;0.1596630999997614;0.1612628000002587;0.1688484000001153;0.1649372999995648;0.1664745999996739;0.1681128000000171;0.1727507000000514;0.1742976000000453;0.1750341000001753;0.1783296999997219;0.1841208999999253;0.1809496999999282;0.1843129999997472;0.1856308000001263;0.1891065999998318;0.1897481999999399;0.193240500000229;0.1936766000003444;0.1983015000000705;0.1995221000001947
0.0013574999998127;0.0031085999999049;0.0076125999999021;0.0060859000000164;0.0087091000000327;0.0098398000000088;0.0211231999996925;0.0204489000002467;0.0154826000002685;0.0168840999999702;0.0194885999999314;0.0198582000002716;0.0235872000002927;0.0250730000002477;0.034058300000197;0.0416691999998874;0.0300674000000071;0.0397777999996833;0.0333134000002246;0.0468211000002156;0.0501693999999588;0.0392492999999376;0.0414780999999493;0.0433910999995532;0.0446530000003804;0.0613588999999592;0.0490460000000894;0.0621949999999742;0.0647051999999348;0.0658511999999973;0.056385599999885;0.0602560000002085;0.0598737000000255;0.0752025000001594;0.0740225999998074;0.0663172999998096;0.0799081999998634;0.0818318999999974;0.0734702999998262;0.0754430000001775;0.0841492999998081;0.0854078000002118;0.0882797999997819;0.0910976999998638;0.0915918000000601;0.0975008999998863;0.0930169000002933;0.090251999999964;0.0985931000000164;0.1021587000000181;0.1029840000001058;0.0967211999995925;0.1003156000001581;0.1027615999996669;0.1034132999998291;0.107097000000067;0.1088707000003523;0.116426500000216;0.1181523999998717;0.1141382000000703;0.1159655999999813;0.1237705000003188;0.1299215999997613;0.1209222000002228;0.1260870000000977;0.1266295999998874;0.1302507999998852;0.1339462999999341;0.1405618999997386;0.1352556000001641;0.1366057999998702;0.1402851000002556;0.1431574999996883;0.1428934000000481;0.150186400000166;0.1479825999999775;0.1502872999999454;0.1604353000002447;0.1534941999998409;0.1568281999998362;0.1632669000000532;0.1600779000000329;0.1661687000000711;0.1644297999996524;0.1647769999999582;0.1678930000002765;0.1712168999997629;0.1710514999999759;0.1733303000000887;0.174302599999919;0.1786048999997547;0.1823542000001907;0.1834662999999636;0.185963399999764;0.1935623999997915;0.1909482000000935;0.1942338999997446;0.1943648000001303;0.1982030999997732;0.1985971999997673
0.0018465999996806;0.0049478000000817;0.0067496000001483;0.0075764999996863;0.0154412000001684;0.016286200000195;0.0183032999998431;0.015827100000024;0.0192139000000679;0.0280588999999054;0.0295076000002154;0.0281508000002759;0.0260504000002583;0.0351449999998294;0.0337011000001439;0.0485277000002497;0.0474646000002394;0.0361287999999149;0.0420452999996996;0.0446136000000478;0.0491894000001593;0.0543700999996872;0.058193900000333;0.0811878999998043;0.0682985999997072;0.0705810999997993;0.0778030000001308;0.0751667999998062;0.0753752000000531;0.0758544000000256;0.0728196000000025;0.0702150999995865;0.0692155000001548;0.0639518000002681;0.0750821999999971;0.0680999000001065;0.082608700000037;0.0701856999999108;0.0944346999999652;0.0928378999997221;0.1071087000000261;0.1203764000001683;0.1353532000002815;0.1220969000000877;0.1474192000000584;0.1354031999999279;0.1389444000001276;0.0962485000000015;0.1020226999999067;0.1026053000000501;0.1083828000000721;0.0983926000003521;0.1154007999998611;0.1248712999999952;0.1093940000000657;0.1099398999999721;0.1201166000000739;0.1150223999998161;0.1503582999998798;0.1462031999999453;0.1554363000000194;0.137200600000142;0.1534365000002253;0.1706309999999575;0.1545415000000503;0.1950971999999637;0.1519223999998757;0.1685196000003088;0.1823630000003504;0.1562134999999216;0.2537672999997085;0.1736469000002216;0.1771563000002061;0.1446241999997255;0.148838699999942;0.1487498999999843;0.1567147000000659;0.1761446000000432;0.1806919999999081;0.1822454999996807;0.1911519999998745;0.1668401000001722;0.1706981000002088;0.1652239000000008;0.1906776999999238;0.2772008000001733;0.193720199999916;0.173199399999703;0.1785452999997687;0.1785130999996909;0.1804520000000593;0.182561899999655;0.1882347999999183;0.1888153999998394;0.2701295000001664;0.2760330999999496;0.2000105000001895;0.2008753000000069;0.1961009000001468;0.2050244000001839
0.001356300000225;0.0028630000001612;0.0046830999999656;0.0060954999999012;0.0077886999997645;0.0172390000002451;0.0120198000004165;0.0130337000000508;0.0153035999996973;0.0168075999999928;0.0188059000001885;0.0206229999998868;0.0346356999998533;0.0320286999999552;0.0252694999999221;0.0413964000003943;0.0297869000000901;0.043652700000166;0.0448004999998374;0.0469868000000133;0.0371411000000989;0.0408181000002514;0.0498564999998052;0.0426590000001851;0.0465276999998423;0.0498646000000917;0.0609030999999049;0.0526507999998102;0.0622374999998101;0.0669289000002208;0.0680127000000538;0.0706795999999485;0.0683960000001207;0.0755742999999711;0.0771485000000211;0.0742119999999886;0.0783234000000447;0.0825652999997146;0.0850273000000925;0.0745687999997244;0.0779311999999663;0.086287799999809;0.0807838000000629;0.0825359000000389;0.089491100000032;0.0974988000002667;0.0934775000000627;0.0908243999997466;0.1005643000003146;0.104526000000078;0.1096400000001267;0.105757899999844;0.1078683000000637;0.104261100000258;0.1146639000003233;0.1157278000000587;0.11840519999987;0.1218914999999469;0.1166170999999849;0.1203763999997136;0.1175331999997979;0.1248476999999184;0.1283401999999114;0.129927299999963;0.1265128999998523;0.1280446999999185;0.1417099999998754;0.1386850999997477;0.137678699999924;0.1370824000000539;0.1434952000004159;0.1469708999998147;0.1514603000000534;0.1437977000000501;0.1478130999998939;0.149793800000225;0.1579689999998663;0.1583933000001707;0.1544964999998228;0.1636226999999053;0.162334600000122;0.1609785000000556;0.1659712000000581;0.1717995000003611;0.1696210999998584;0.1729024000001118;0.1745009999999638;0.1821701000003486;0.1747341000000233;0.1790670999998838;0.1902423000001363;0.1829811000002337;0.1858725000001868;0.1901803999999174;0.189180800000031;0.1935661999996227;0.1930385000000569;0.196551399999862;0.1987270999998145;0.2030899999999746
0.0013527999999496;0.0056640000002516;0.0088854000000537;0.0119753999997556;0.0144917000002351;0.0150523000002067;0.0121553000003586;0.012966900000265;0.0237962000001061;0.0162386000001788;0.0217837999998664;0.0332926999999472;0.0234750999998141;0.0294619999999667;0.026469100000213;0.0384402999998201;0.0309296000000358;0.0373043999998117;0.03294649999998;0.0355168999999477;0.0509117999999944;0.0401342000000113;0.0403681000002507;0.0550369999996291;0.056765699999687;0.0515930999999909;0.0605516999999053;0.0608642999995936;0.0546751000001677;0.0664355999997496;0.0680520999999316;0.0585653000002821;0.0718391000000338;0.0753163999997923;0.0691105999999308;0.0665351999996346;0.0678677999999308;0.0819950000000062;0.0838533000001007;0.0840216999999938;0.0763703999996323;0.0909547000001111;0.0817751999998108;0.0949842999998509;0.0868694000000687;0.0962220999999772;0.0879255999998349;0.0904000000000451;0.0974370000003546;0.0935233000000153;0.10339840000006;0.0989313000000038;0.111648999999943;0.1026783000002069;0.1071212000001651;0.1083595000000059;0.118000800000118;0.1114073999997344;0.11786820000043;0.1142887999999402;0.1179798000002847;0.1224819999997635;0.1223267999998825;0.1243076000000655;0.1275214999996023;0.1253376999998181;0.1330888000002232;0.1333980000003976;0.1398972000001777;0.1472063999999591;0.1362273999998251;0.1421614999999292;0.1466191000004073;0.1479835000000093;0.1449858999999378;0.150821299999734;0.1533872999998493;0.1542927000000418;0.1574918999999681;0.1583222999997815;0.159482399999888;0.1644219999998313;0.1658418000001802;0.1632176999996772;0.1689830000000256;0.1697978000001967;0.1775367000000187;0.1730241000000205;0.1731966999996075;0.1764210999999704;0.1807227999997849;0.1857546000001093;0.182104900000013;0.1867637000000286;0.190197999999782;0.1946695999999974;0.1931882999997469;0.1938112000002547;0.197607600000083;0.2018662000000404
0.0026403000001664;0.0029469999999491;0.008875700000317;0.0064155999998547;0.0146394999997028;0.0129468000000088;0.0113633999999365;0.0133170000003701;0.0150125000000116;0.0167349999996986;0.0191847999999481;0.0213659999999435;0.0306067000001348;0.0237071999999898;0.0377779000000373;0.0395836000002418;0.0299563999997189;0.0321263000000726;0.0336881999996876;0.0367084999998041;0.0381413000000065;0.0480087999999341;0.0531064000001606;0.0433076999997865;0.0546703999998499;0.0543738999999732;0.0514348000001518;0.0625739000001885;0.0531015000001389;0.0686889000003247;0.0675433999999768;0.0590302000000519;0.0731539000003067;0.0649999000002026;0.0651520000001255;0.0656691000003775;0.079662399999961;0.0701396999997996;0.0837491000002046;0.0749738999998044;0.0897564000001693;0.0902415999998993;0.0807119000000966;0.090782599999784;0.0982560000002195;0.0945018000002164;0.094289099999969;0.0943030999997063;0.0990197999999509;0.1020028999996611;0.1078012000002672;0.1093718000001899;0.1117948999999498;0.1026962999999341;0.1050928000004205;0.1078794000000016;0.1101150999998026;0.1107812999998714;0.1207579000001715;0.1267491999997219;0.1171011000001271;0.1224088999997548;0.1321646999999757;0.1220032000001083;0.1291223999996873;0.126944099999946;0.1379231999999319;0.1446937999999136;0.1383610999996563;0.1420189000000391;0.1365633000000343;0.139373500000147;0.1410333999997419;0.14803239999992;0.1464665000003151;0.1491383000002315;0.1490584000002854;0.1548754999998891;0.1564094999998815;0.1546533000000636;0.1606688000001668;0.1581919000000198;0.1653987999998207;0.1697998999998162;0.1662395999996988;0.1682943000000705;0.1730186999998295;0.1733466999999109;0.1764142000001811;0.1845070999997915;0.1841387999998005;0.1819024999999783;0.1887016999999105;0.1924367000001439;0.1868441999999959;0.192025900000317;0.1909937000000354;0.1970525000001544;0.2001890999999886;0.1996709999998529
0.0026457000003574;0.002856900000097;0.0044957999998587;0.0060224999997444;0.0131231999998817;0.0110214000001178;0.0116653999998561;0.0132960000000821;0.0153481999996074;0.0167325000002165;0.0193096000002697;0.0246605000002091;0.0228941999998824;0.0332875999997668;0.0375350999997863;0.0284411999996336;0.0305554999999912;0.0435529999999744;0.0421070000002146;0.047341100000267;0.0490206999998008;0.0515643999997337;0.0408301000002211;0.0448952000001554;0.0566054999999323;0.0577527000000372;0.0490340000001197;0.0637063000003763;0.0646065999999336;0.066164999999728;0.0693706000001839;0.0580039999999826;0.0699709000000439;0.0648307000001295;0.0744441000001643;0.0774793000000499;0.0694842000002609;0.0700861000000259;0.0853587999999945;0.0827131999999437;0.0886373999996976;0.0898674000000028;0.0926776999999674;0.0922077000000172;0.0917335000003731;0.0880363000001125;0.099955100000443;0.0962242000000515;0.0967381000000386;0.0975094000000353;0.1048228999998173;0.1104459000002862;0.1097006999998484;0.1145094999997127;0.1179649000000608;0.118831499999942;0.1196347999998579;0.1156010999998216;0.1128600000001824;0.1305520999999316;0.1173843000001397;0.1308524000000943;0.1205534000000625;0.1273979000002327;0.1297047000002749;0.1260249000001749;0.1297988999999688;0.1345450000003438;0.1395157000001745;0.1361590999999862;0.1494749000003139;0.1399220999996941;0.1516431999998531;0.143504799999846;0.1466817000000446;0.1504436000000168;0.1512241000000358;0.1527621000000181;0.1594299000003047;0.1678445000002284;0.1688672000000224;0.1663527999999132;0.1659920000001875;0.1686892000002444;0.1664458000000195;0.1733992000004036;0.2178737999997793;0.176107199999933;0.1790752000001703;0.1768925999999737;0.1784264999996594;0.1860375000001113;0.1883106000000225;0.187487400000009;0.1898316000001614;0.1898055000001477;0.1916142999998555;0.1946665000000393;0.1954728000000614;0.2004980000001524
0.0013583999998445;0.0028793000001314;0.0046833999999762;0.0060258999997131;0.0077853999996477;0.0094616999999743;0.0157868999999664;0.0131589999996322;0.0274967000000287;0.0173117999997884;0.0283945999999559;0.0214119000002028;0.0249367000001257;0.0238693999999668;0.0275601999996979;0.0269800000000941;0.0324424999998882;0.0312054999999418;0.0450251000002026;0.0374716000001171;0.037816400000338;0.0391383000001042;0.0415704000001824;0.0432974000000285;0.0520470000001296;0.0629653999999391;0.0593146999999589;0.0621540000001914;0.0649165999998331;0.0663318000001709;0.0691590000001269;0.0578061000001071;0.0597624000001815;0.0699060000001736;0.0656668999999965;0.0665752999998403;0.0808022999999593;0.0696179999999913;0.0854871000001367;0.0759187000003294;0.0853002000003471;0.0794500000001789;0.0800358999999844;0.0938535000000229;0.0934120000001712;0.0979648000002271;0.0984717000001182;0.1023589999999785;0.104487699999936;0.1025890000000799;0.109675100000004;0.1051923999998507;0.1004154000002017;0.1132783999996718;0.1103769999999713;0.1081395999999585;0.110657700000047;0.116014300000188;0.113633700000264;0.1224492999999711;0.1220397000001867;0.118616700000075;0.1288625000001957;0.1299604000000727;0.131150599999728;0.1259994000001825;0.1305990999999267;0.1324989999998251;0.1420054999998683;0.1374986000000717;0.1391545999999834;0.1376686000003246;0.1453768000001218;0.1561768999999913;0.1470146999999997;0.1495107000000644;0.1556619000002683;0.1579547999999704;0.1554586000002018;0.1566038999999364;0.1592316000001119;0.1640437999999449;0.164486399999987;0.1646761000001788;0.1700579999996989;0.1713713000003736;0.1715174000000843;0.1713391000002957;0.1839945000001535;0.182272500000181;0.1848262999997132;0.1835167999997793;0.1827561000000059;0.1871272999997018;0.1915862999999262;0.1889100999997026;0.1930563999999321;0.1944588999999723;0.1953730000000177;0.1989207999999962
0.0013555000000451;0.0036216999997122;0.004698499999904;0.0065435999999863;0.0147999999999228;0.0094043000003694;0.0161757000000761;0.0160531000001356;0.0267358999999487;0.0233092999997097;0.0266354999998839;0.020597600000201;0.0232349000002614;0.0241952000001219;0.0262895999999273;0.0270166000000244;0.0420896999999058;0.0431177999998908;0.0451904999999897;0.0409707999997408;0.042607300000327;0.0507377000003543;0.0529228999998849;0.0524144999999407;0.0566469000000324;0.0618678999999247;0.0485435999999026;0.0626836000001276;0.0645670000003519;0.0659784999998009;0.0688466000001426;0.0705325999997512;0.0722507999998924;0.0645895000002383;0.0761738999999579;0.0747795999996014;0.0797816999997849;0.0813565000003109;0.0815087000000858;0.0857962999998562;0.0875455000000329;0.086497700000109;0.0847825000000739;0.0909379999998236;0.0850178000000596;0.0955259999996087;0.0993940000003021;0.0914525000002868;0.0923482999996849;0.1043024999999033;0.1043912000000091;0.1006237000001419;0.1027045999999245;0.1016530000001694;0.1047955000003639;0.1171534000000065;0.1207434999996621;0.1205848999998124;0.1153481000001193;0.1238078000001223;0.1152815000000373;0.1197161000000051;0.1254197000002932;0.1214168999999856;0.1244702000003599;0.134915600000113;0.1302873999998155;0.1321383999998033;0.1368766999999024;0.1370073999996748;0.1365405000001374;0.1415808000001561;0.1413565999996535;0.1475064000001111;0.1461084999996273;0.1491507999999157;0.1533042000000932;0.1542833000003156;0.1584637000000839;0.1643720000001849;0.1584616000000096;0.1600205999998252;0.1674995000003036;0.1631886000000122;0.1727486999998291;0.1680019000000356;0.1697156000000177;0.1765393999999105;0.174127899999803;0.1752473999999892;0.179598100000021;0.1840062000001125;0.1875482999998894;0.1849385000000438;0.1888389999999162;0.193623000000116;0.1958534999998846;0.1956010000003516;0.1965083000000049;0.1989814999997179
0.0014291000002231;0.0033696999998937;0.0071379000000888;0.0095622999997431;0.0117420000001402;0.0107566000001497;0.0121364999999968;0.0229715000000396;0.0205409000000145;0.0243702000002485;0.0189178000000538;0.0231673000002956;0.0277233000001615;0.0253428000000894;0.0298093999999764;0.0396554999997533;0.0425698000003649;0.0404681999998501;0.0454547999997885;0.0443407999996452;0.0488030999999864;0.0511778999998568;0.0433595999998033;0.0557811000003312;0.058516900000086;0.0605937999998786;0.0507846000000427;0.063272799999595;0.0551226000002316;0.0547123000001192;0.0575626999998348;0.0588442000002942;0.0601881000002322;0.0659129000000575;0.0772585999998227;0.0662349000003814;0.0696864000001369;0.0711653999996997;0.0773386999999274;0.075431700000081;0.0779810000003635;0.0783661000000393;0.0922983000000385;0.0943026999998437;0.0843784999997296;0.0893128000002434;0.09116640000002;0.0955797000001439;0.0932394999999814;0.0976774999999179;0.0989911000001484;0.0989050999996834;0.1013935000000856;0.1056576000000859;0.1049171999998179;0.1223700000000462;0.1103209000002607;0.1129000999999334;0.1151384000004327;0.1154971000000841;0.1169222999997146;0.1210931999999047;0.1246811999999408;0.1228082999996331;0.1244358000003558;0.1287576999998236;0.1336999000000105;0.1339806000000862;0.1374816000002283;0.1394113000001198;0.1381424000001061;0.1394636999998511;0.1435664000000542;0.144072000000051;0.1476082999997743;0.1487806000000091;0.1524470999997902;0.1550360999999611;0.1575530000000071;0.1572222999998302;0.1617596000000958;0.1621161000002757;0.1656080000002475;0.1649415000001681;0.1675280999997994;0.1705781999999089;0.1698864999998477;0.1759769999998752;0.1753840000001219;0.1791386999998394;0.1813799999999901;0.1865488000003097;0.1901213000001007;0.1888063000001238;0.1950565000001916;0.1943129000001136;0.2060136999998576;0.1954815000003691;0.2022801999996772;0.2031099999999241
0.0013757000001533;0.003733700000339;0.0047132999998211;0.012131799999679;0.0077792000001863;0.0123838999998042;0.0182823000000098;0.0133095999999568;0.0261528999999427;0.0174710999999661;0.0198921999999583;0.0213582999999744;0.0308568000000377;0.0242104000003564;0.0282627999999931;0.037093299999924;0.0314383999998426;0.0409140000001571;0.0347504999999728;0.0359330000001136;0.0396129000000655;0.0415271999995638;0.0534832999996979;0.0448702999997294;0.046556999999666;0.0508814999998321;0.0626685000001998;0.052608599999985;0.0654401000001598;0.0558321999997133;0.0589939999999842;0.0606499999998959;0.0620868000000882;0.0644871999998031;0.0661941000003025;0.068018800000118;0.0704835999999886;0.0717758000000685;0.075108199999704;0.0754606999998941;0.0781692000000475;0.0797831999998379;0.082122100000106;0.0842519999996511;0.0858513000002858;0.0903724000004331;0.0898548000000118;0.0931408999999803;0.0998994999999922;0.1018681999998989;0.1064594999998007;0.1059457999999722;0.1028949000001375;0.1083407999999508;0.108770800000002;0.1110258999997313;0.1129556000000775;0.1249505000000681;0.1160666000000674;0.1164479999997638;0.1222473999996509;0.1211242000003949;0.1229048999998667;0.1243930999999065;0.1305827999999564;0.1301125999998476;0.1326715000000149;0.1367119999999886;0.1382860999997319;0.1383129000000735;0.1405025999997633;0.1440311999999721;0.1452336000002105;0.1479129999997894;0.1499041000001852;0.151079899999786;0.1535662000001139;0.1584650999998302;0.1645699000000604;0.1621347000000241;0.1627272999999149;0.1710214999998243;0.173627199999828;0.1716373999997813;0.171344300000328;0.1738237999998091;0.1742773999999372;0.1795894000001681;0.1803067000000737;0.1841505000002143;0.1850801999999021;0.1847290999999131;0.1914434000000255;0.1901760999999169;0.1936585000003106;0.1965788000002248;0.1972316999999748;0.1989237999996476;0.2060557999998309;0.2053499000003285
0.0013675000000148;0.0028628000000026;0.0044803999999203;0.0060312000000521;0.0084712000002582;0.0101645999998254;0.0191842999997788;0.0184224000004178;0.0155736000001525;0.0175921999998536;0.0245101000000431;0.0203489000000445;0.0342563999997764;0.0253147999997054;0.0270516000000498;0.0281651999998757;0.0417435999997906;0.0405757000003177;0.0455788999997821;0.0356939000002967;0.0488270000000738;0.0508826999998746;0.0531548999997539;0.0434827999997651;0.0454737999998542;0.0540572999998403;0.0493876000000454;0.0515377000001535;0.065671199999997;0.0556439000001773;0.05705399999988;0.0577627999996366;0.0721039000000018;0.0632040999998935;0.0644938000000365;0.067235299999993;0.0679150000000845;0.0705318000000261;0.0740064999999958;0.0855005000003075;0.0885354000001825;0.0802291999998487;0.0819580000002133;0.0818036999999094;0.0844094000003679;0.0871847000003072;0.0893470999999408;0.0894096000001809;0.0924209000004339;0.0955181999997876;0.0977840999998989;0.101298499999757;0.1017053000000487;0.1035003999995751;0.1060668000000077;0.1210323999998763;0.1090712000000166;0.1114463999997497;0.1121385999999802;0.1149848999998539;0.1165424999999231;0.1182262999996055;0.1203544999998484;0.1225706000000173;0.1264820000001236;0.1256042999998499;0.1318576999997276;0.140902300000107;0.1350223999997979;0.135990700000093;0.1408833000000413;0.1390097999997124;0.1417354999998679;0.1458432999997967;0.1460245999996914;0.1472297999998773;0.1527140000002873;0.1544109000001299;0.1545844000002034;0.158365600000252;0.1602834000000257;0.1622984000000542;0.1674299000001156;0.1654383000000052;0.1689547999999376;0.1705550000001494;0.1755462000000989;0.173597299999983;0.1757190999996964;0.1772326000000248;0.1829612999999881;0.18179549999968;0.1850203999997575;0.1872163000002729;0.1889631999997618;0.1924129999997603;0.1903935999998793;0.1969500000000152;0.1997305999998389;0.2004984999998669
0.001404800000273;0.0028684000003522;0.0050073000002157;0.0062594999999419;0.0083967999999003;0.0129961000002367;0.0187424000000646;0.0133591000003434;0.0202433999997992;0.0178768000000673;0.0186819000000468;0.027376699999877;0.0241240000000289;0.0241648999999597;0.0257103000003553;0.0400721999999404;0.0316234000001713;0.0326503999999658;0.0334929999999076;0.0469211999998151;0.0489913999999771;0.0388310000003002;0.0495208999996066;0.0547842000000855;0.0464396999996097;0.0554078000000117;0.0589064999999209;0.0616018000000622;0.0664517000000159;0.0668067999999948;0.0678904999999758;0.0702516999999716;0.0719398999999612;0.0757730000000265;0.0768087000001287;0.065889700000298;0.0716039999997519;0.082190100000389;0.1097912999998698;0.0902578999998695;0.088687899999968;0.0781901999998808;0.0887311000001318;0.0831763999999566;0.0961975000000165;0.0933709999999337;0.1009039999999004;0.1029054000000542;0.0952661999999691;0.1030906999999388;0.1041737999998986;0.1092192000000977;0.1009881999998469;0.1084161000003405;0.1067077999996399;0.1171661999997013;0.1158390999999028;0.122129799999584;0.1223865000001751;0.1190499999997882;0.1241624999997839;0.1310729000001629;0.1225635000000693;0.1251979000003302;0.1357029999999213;0.1349555000001601;0.1422213999999257;0.1349006000000372;0.1363559999999779;0.1373783999997613;0.1496895999998742;0.1401384000000689;0.142923299999893;0.1566501000002063;0.1603138000000399;0.1526085000000421;0.1509777999999642;0.1528795999997783;0.1581624000000374;0.1648967999999513;0.16317220000019;0.1606609000000389;0.174461699999938;0.1652638999998998;0.1691994000002523;0.1678243999999722;0.1733417999998892;0.1751930999998876;0.1742806000002019;0.178668000000016;0.1806185000000368;0.1814429000000927;0.1866021000000728;0.1853542999997444;0.1891479000000799;0.1898200999999062;0.1931177000001298;0.1970525000001544;0.2018681999998079;0.2057938999996622
0.0026373000000603;0.0056845999997676;0.0046470000002045;0.0107567999998536;0.0119745000001785;0.014860100000078;0.0116904000001341;0.0233259000001453;0.0147534000002451;0.0179124000001138;0.029626300000018;0.0256945000000996;0.0224048000000038;0.0249111999996785;0.025139400000171;0.0288313999999445;0.0424772999999731;0.0449384000003192;0.0452786999999261;0.0366105999996762;0.0372777000002315;0.0390627000001586;0.0534720000000561;0.0544365000000652;0.0454217000001335;0.0535712000000785;0.0487619999998969;0.0640637000001334;0.0649286000002575;0.0541549999998096;0.067125500000202;0.0705564999998387;0.0722578999998404;0.0752470000002176;0.0724575999997796;0.0771006999998462;0.0779435999997986;0.0817557000000306;0.073642800000016;0.0812169000000722;0.0879405999999107;0.085762700000032;0.0801704000000427;0.0924205000001165;0.0933652000003348;0.0857022000000142;0.096723699999984;0.1013060999998742;0.0922946999999112;0.0964997000000948;0.1034435999999914;0.1113187999999354;0.1005371000001105;0.1102912000001197;0.1059589999999843;0.106691999999839;0.1149439000000711;0.1111413000003267;0.1130332999996426;0.1159032999998999;0.1282215999999607;0.1307163999999829;0.1216278000001693;0.131413799999791;0.1254218000003675;0.1287120000001778;0.1306921999998849;0.1407666000000063;0.1438186000000314;0.1384467000002587;0.1516873999999006;0.1451004000000466;0.1422381999996105;0.1548825999998371;0.1505866000002242;0.149493099999745;0.1522086999998464;0.1557232999998632;0.1539248999997653;0.159226000000217;0.1614199999999073;0.1628750999998374;0.1669844999996712;0.1627128999998603;0.1679511999996066;0.1737772000001314;0.1753487999999379;0.1746702000000368;0.1760360000002947;0.1774152000002686;0.1818723000001227;0.1884644000001571;0.1826559000000998;0.1862952000001314;0.1888025000002926;0.191904699999668;0.1946442999997089;0.1945590000000265;0.1980235000000902;0.200882200000251
0.0013917999999648;0.0029018000000178;0.0088670999998612;0.0120802000001276;0.0154477000000952;0.0159617999997863;0.01297169999998;0.0136773999997785;0.015099199999895;0.0225232000002506;0.0190228999999817;0.0281447000002117;0.022517400000197;0.0310402000000067;0.0254209999998238;0.0282586000002993;0.0418836999997438;0.0319380999999339;0.0341495000002396;0.0356831000003694;0.0460194000002047;0.0508439999998699;0.0491513000001759;0.0425589999999829;0.0468466999996053;0.0635689999999158;0.060648100000435;0.0628532000000632;0.0649289000002681;0.0554333999998561;0.0680332000001726;0.0582936999999219;0.0603874000003088;0.0719669999998586;0.0740033000001858;0.0767409999998562;0.0675172999999631;0.070763899999747;0.0847722999997131;0.0749025000000074;0.076337599999988;0.0873164999998152;0.0807485999998789;0.0913915999999517;0.0900692000000162;0.0854472000000896;0.0889970000002904;0.1014611999999033;0.0936153000002377;0.095751900000323;0.10949010000013;0.1083707000002505;0.1008569999999053;0.100945899999715;0.106828299999961;0.1064143999997213;0.1160788000001957;0.1228066999997281;0.1185421000000133;0.1210648000001128;0.1166503999997985;0.1198008000001209;0.1217281999997794;0.127708900000016;0.1316121999998358;0.13210349999963;0.1320329999998648;0.1361203999999816;0.1398692000002483;0.1403556000000207;0.1470004000002518;0.1423393999998552;0.1518274999998539;0.1482391999998071;0.151303700000426;0.1528384999996888;0.1502672999999958;0.1542027000000416;0.1536559999999553;0.1574748000002728;0.1623892000002342;0.1593869000002996;0.1645942000000104;0.1654803999999785;0.1697789999998349;0.1703191000001425;0.1734621000000515;0.1738939000001664;0.1747516999998879;0.1771047000001999;0.1825647999999091;0.183940800000073;0.1841881000000285;0.1869237999999313;0.1897616000001107;0.1916102999998656;0.1951639999997496;0.1958603000002767;0.1983964999999443;0.2017518999996355
0.0013653000000886;0.0028583000002981;0.0044594999999389;0.0060135999997328;0.00780850000001;0.0138600999998743;0.011945299999752;0.0183352999997623;0.0164221999998517;0.0172167999999146;0.0201277000001027;0.0226623999997173;0.0237409999999727;0.0356177999997271;0.0260529000001952;0.0363928000001578;0.0315135999999256;0.0324156000001494;0.0345955999996476;0.0372694999996383;0.0488990000003468;0.0513543000001845;0.0532853999998224;0.0437283999999635;0.0443463999999949;0.0671627000001535;0.0501253000002179;0.0564644999999472;0.0544756000003872;0.0630182999998396;0.0569436000000678;0.060731399999895;0.0605110999999851;0.0630932000003667;0.0651132000002689;0.0781572999999298;0.0685879999996359;0.0699577000000317;0.0734462000000348;0.0744982999999592;0.0756523000000015;0.0784469999998691;0.0810907999998562;0.0935075000002143;0.0849762000002556;0.0883607000000665;0.0993348000001788;0.0904696999996303;0.0922786999999516;0.1058167999999568;0.0968791999998757;0.0995834000000286;0.1006007999999383;0.1007912000000033;0.1059443999997711;0.1076325999997607;0.109418099999857;0.1111204000003454;0.1131660999999439;0.1145384999999805;0.1164334000000053;0.1189973000000463;0.1197235999998156;0.122723699999824;0.1239453000002868;0.1264593000000786;0.1316795000002457;0.1330907000001389;0.1352219999998851;0.1450641000001269;0.1376755999999659;0.1394242999999733;0.1412261999998918;0.1464946000000964;0.1499443000002429;0.1478744000000915;0.1523956000000907;0.1547521000002234;0.1530323000001772;0.1575978000000759;0.1569369999997434;0.1591195999999399;0.1653243000000657;0.1626686999998128;0.1673921999999947;0.1676121000000421;0.1721145000001342;0.1781206000000565;0.1755212000002757;0.1759704999999485;0.181625200000326;0.1808213000003888;0.1855879999998251;0.1878814000001512;0.186258700000053;0.1918608000000858;0.1921955999996498;0.1970992000001388;0.1963919999998324;0.2000855999999657
0.0016058999999586;0.0028892000000269;0.0049864000002344;0.0061664999998356;0.0089477999999871;0.0123290999999881;0.0123712000004161;0.0251265000001694;0.0147717999998349;0.0204748999999537;0.0190784000001258;0.0232057000002896;0.0340282999995906;0.0238471000002391;0.0264153999996779;0.0333372000000053;0.0423319999999876;0.0321683000001939;0.0347882999999455;0.046671999999944;0.0492464999997537;0.0440579999999499;0.0416629000001194;0.0461325999999644;0.0464907000000494;0.0521405999998023;0.0558287999997446;0.0628833000000668;0.0534545999998954;0.0546056999996835;0.0566448999998101;0.0669543000003614;0.0616377999999713;0.0754013999999188;0.0755600000002232;0.0664269999997486;0.0806095000002642;0.0706725000000005;0.0848495999998704;0.0850368000001253;0.0881429000000935;0.0903097000000343;0.0817987000000357;0.0826677000000017;0.0960648000000219;0.0957585999999537;0.0923964999997224;0.099326800000199;0.1024913000001106;0.1066089000000829;0.1061337000001003;0.1134056000000782;0.1027493999999933;0.1118646999998418;0.1115718000000924;0.1124383999999736;0.1215071999999963;0.1211480000001756;0.117051199999878;0.1166172000002916;0.1221450000002732;0.1195353999996768;0.1269056000001001;0.1314228000001094;0.1250343000001521;0.1281386999999085;0.132188799999767;0.1333318999995754;0.1363096999998561;0.1376356999999188;0.1376235000002452;0.1446343999996315;0.1442907000000559;0.1445263000000523;0.1478533999998035;0.1504485000000386;0.1515715000000455;0.1537351000001763;0.1563045999996575;0.1579683999998451;0.160725199999888;0.1602501000002121;0.1672596000003068;0.1660259999998743;0.1705523999999059;0.173674099999971;0.1723274999999375;0.1775509999997666;0.1782543999997869;0.1874852999999348;0.1864216999997552;0.182762399999774;0.1899936999998317;0.1928028000002086;0.1960908999999446;0.1967413000002125;0.1956432000001768;0.1954392000002371;0.2029780999996546;0.2049228000000766
0.0013667000002897;0.0028806000000258;0.0088611999999557;0.0060868999999001;0.0154098000002704;0.0174236000002565;0.0182477000003018;0.0128555000001142;0.0146616000001813;0.029848099999981;0.019218500000079;0.0208276999996996;0.0308426999999937;0.0354387000002134;0.0342157000000042;0.0273385000000416;0.0312496999999893;0.0433121000000937;0.0462415000001783;0.0356355000003532;0.0478388000001359;0.0501421999997546;0.0527842000001328;0.0553291999999601;0.0614158000003044;0.05115429999978;0.0485958999997819;0.0529679000001124;0.0644332000001668;0.0641501999998581;0.0576295999999274;0.0585903999999573;0.0715263000001869;0.0759746999997332;0.0639513999999508;0.0777801999997791;0.08000630000015;0.0698431000000709;0.0725123000001985;0.0765237000000524;0.0884673000000475;0.0778129000000262;0.0809360999996897;0.091655400000036;0.095139300000028;0.0865701000002445;0.0994373999997151;0.1019440999998551;0.0978440999997474;0.0950578000001769;0.0979345999999168;0.1101948999998967;0.1024204999998801;0.1127477999998518;0.1169605999998566;0.1070770999999695;0.1182352000000719;0.1150594999999157;0.1208676999999625;0.1178675000001021;0.1274593000002823;0.1215540999996847;0.1210133000004134;0.1298098000002028;0.1247372000002542;0.1256892999999763;0.1391294000000016;0.1324107999998887;0.1365796000000045;0.1470635999999103;0.1407721999999012;0.1426722999999583;0.1414824000003136;0.1465057999998862;0.1604319999996732;0.1481400000002395;0.1512636000002203;0.1546562999997149;0.1538787999998021;0.1593963999998777;0.1599679999999352;0.1599176000004263;0.1728097999998681;0.1657966000002488;0.1673984999997628;0.1665842000002158;0.174938000000111;0.1781193000001621;0.1789413999999851;0.17897129999983;0.1822826000002351;0.1835837999997238;0.1842933000002631;0.1869603999998617;0.1891971999998531;0.1961874999997235;0.1910289999996166;0.1931884000000536;0.1970440000000053;0.1990687000002253
0.0013549000000239;0.0028572999999596;0.0051824000001943;0.0060757999999623;0.0085986999997658;0.0159621000002516;0.0116979999997965;0.0136121000000457;0.020651799999996;0.0169197000000167;0.0184689999996408;0.0306995999999344;0.0301131999999597;0.0362614000000576;0.037859699999899;0.0275904999998601;0.0312487000001056;0.0314669999997931;0.0337971000003562;0.0440286000002743;0.0491438000003654;0.0508371000000806;0.0493530000003374;0.0548890000000028;0.0452782999996088;0.0528438999999707;0.0588846000000558;0.0630463999996209;0.0612146000003122;0.067020500000126;0.0684845999999197;0.0711239000002024;0.0605006000000685;0.0757983999997122;0.0666107999995802;0.0797197000001688;0.0769427000000178;0.0779375000001891;0.0742139000003589;0.0864200999999411;0.0820595999998659;0.0893430000000989;0.0817076000002998;0.0885367999999289;0.0850293000003148;0.0920726999997896;0.0988688000002184;0.0896999000001415;0.1043483000003107;0.1048697000001084;0.1056012999997619;0.099408399999902;0.0993384000003061;0.1022244000000682;0.1157296000001224;0.1184705000000576;0.110612299999957;0.1112853999998151;0.1219922000000224;0.1233292000001711;0.1158063999996557;0.1201892999997653;0.1211895000001277;0.1223430000000007;0.1225838999998814;0.1275338000000374;0.1302842999998574;0.132810199999767;0.1372867999998561;0.1368038000000524;0.1421594999997069;0.1397508000000016;0.1420372000002316;0.142584799999895;0.147796599999765;0.1502075999997032;0.1497741999996833;0.1584112000000459;0.1540675000001101;0.1558483999997406;0.1594322999999349;0.1593265000001338;0.1624699999997574;0.1667246000001796;0.1736777000000984;0.1696262000000388;0.1715561999999408;0.1728525999997145;0.1745440999998209;0.1767558999999892;0.1812893999999687;0.1829463999997642;0.1849944000000505;0.188693499999772;0.1868626000000404;0.1906604999999217;0.1938196000000971;0.1933705999999801;0.1977453999998033;0.1980965999996442
0.0013564000000769;0.0053695000001425;0.0047865000001365;0.0084291000002849;0.013074399999823;0.0130223000001024;0.0116078000000925;0.0136376999998901;0.0262748999998621;0.0252810000001773;0.0190105000001494;0.0327790999999706;0.0229153999998743;0.036002499999995;0.0260242999997899;0.0285314000002472;0.0295959999998558;0.0324338999998872;0.033896000000368;0.0479887000001326;0.0369544999998652;0.0392665000003944;0.0405031000000235;0.0548428000001877;0.0564319000000068;0.0525251999997635;0.0498861999999462;0.0626882999999907;0.0612860000001092;0.0661521000001812;0.0654394000002867;0.0591149000001678;0.0616046000000096;0.0722030000001723;0.0643754000002445;0.0665863999997782;0.0789020000001983;0.0712654999997539;0.085081799999898;0.0743207999998958;0.0876174999998511;0.0874455999996826;0.080721799999992;0.0826323000001139;0.0837314999998852;0.0858720000001085;0.0894059000002016;0.0991331000000173;0.1029992999997375;0.0952476000002207;0.0997602999996161;0.0976840999996966;0.0999965000000884;0.1137874999999439;0.1068172999998751;0.1071035999998457;0.1164850000000115;0.1110559999997349;0.1138277000000016;0.113223900000321;0.1170873999999457;0.1236099000002468;0.1274536000000807;0.1235147000002143;0.1241985999999997;0.1260855999998966;0.1308410999999978;0.1320516999999199;0.1365107999999963;0.1378512000001137;0.1433759000001373;0.140912599999865;0.1417427999999745;0.1438280000002123;0.1472822999999152;0.1485815999999431;0.1502333999997063;0.1656555000004118;0.1527398000002904;0.1568735000000742;0.166472899999917;0.1601169999999001;0.1611265000001367;0.1648866000000453;0.1715838000000076;0.1661370000001625;0.1754624999998668;0.1734980000001087;0.1750700000002325;0.179043399999955;0.1771508000001631;0.1809582000000773;0.1840034000001651;0.1866745000002083;0.1880707000000256;0.1890372000002571;0.1962450000000899;0.1946377999997821;0.1979706000001897;0.2013028000001213
0.0013913000002503;0.0028575000001183;0.0089111000002048;0.0119931999997788;0.015476199999739;0.0181880999998611;0.0123373000001265;0.0162488999999368;0.0202328000000306;0.024041500000294;0.026560100000097;0.0280170999999427;0.024154599999747;0.0239366999999219;0.0265693999999712;0.0269505000001117;0.0420940999997583;0.0435360999999829;0.0338832999996157;0.0371039999999993;0.0490795000000616;0.0393214000000625;0.0413680999999996;0.0522667000000183;0.0573369999997339;0.0557807000000138;0.0505493000000569;0.062210099999902;0.0652550999998311;0.0669081000000915;0.066526199999771;0.0704204000003301;0.0693273000001681;0.0739829999997709;0.0764063999999962;0.0787930999999844;0.0770291999997425;0.0709803999998257;0.085266799999772;0.0817484000003787;0.0888632000001052;0.0796820999998999;0.0895184000000881;0.0823011999996197;0.0850110999999742;0.0952581000001373;0.0971890000000712;0.0916488000002573;0.0909992999995665;0.1009420999998838;0.1069824000001062;0.1115988999999899;0.1050342999997155;0.1127031999999417;0.1168843000000379;0.1073977000000923;0.1130361999998967;0.111167700000351;0.1118271000000277;0.1144132999997964;0.1214411999999356;0.1184935000001132;0.1213253999999324;0.1343987000000197;0.1243752000000313;0.125603399999818;0.1393976000003931;0.1451773999997385;0.1440623999997115;0.1372347999999874;0.1390206999999463;0.1409542999999757;0.1537233999997624;0.1463100999999369;0.1460831000003963;0.1479111000003286;0.1526309999999284;0.1536333999997623;0.1602335000002313;0.157185500000196;0.1591287999999622;0.1610850000001846;0.1669572999999218;0.1696137999997518;0.1677457000000686;0.1738193000001047;0.180192100000113;0.1762462000001505;0.1788040999999793;0.1793454000003294;0.182129199999963;0.18226709999999;0.1865289000002121;0.1882777999999234;0.1914322999996329;0.1912475999997696;0.1953139000002011;0.1927935999997316;0.1985313999998652;0.1987380999999004
0.0026560000001154;0.0028611999996428;0.0046566999999413;0.0059814999999616;0.0085401999999703;0.0095777000001362;0.0116806999999425;0.0174864000000525;0.0159226000000671;0.0167977000000973;0.0194696000003204;0.0230272999997396;0.0246663000002627;0.024610500000108;0.0266187000001991;0.026922900000045;0.0309802000001582;0.0433393999996951;0.0453345000000808;0.0354376999998748;0.0381950999999389;0.0386564000000362;0.0417816999997739;0.0433615000001736;0.0488703999999415;0.058642299999974;0.060595800000101;0.050680100000136;0.0537247000002025;0.0554763999998613;0.0687737000002925;0.0714312000000063;0.0610777000001689;0.0638340000000425;0.0655299000000013;0.0668396999999458;0.0684658999998646;0.0831302999999934;0.0725320000001374;0.0738868999997066;0.0761382000000594;0.0794126999999207;0.0823479999999108;0.0824087000000872;0.0845911999999771;0.0875310000001263;0.0870149000002129;0.0916752999996788;0.0911672999995971;0.095648600000004;0.0966674999999668;0.1012374000001727;0.1065463999998428;0.1032104999999319;0.1047276000003876;0.1066523999998025;0.1105011999998168;0.1102430000000822;0.1132646000000932;0.1150623999997151;0.1160423999999693;0.1232978999996703;0.1205800000002454;0.1216890999999122;0.1322070000001076;0.1260163000001739;0.1300953999998455;0.1340872999999192;0.1358885999998165;0.1354084999998122;0.1382046999997328;0.1400148999996417;0.1419676000000436;0.1452841000000262;0.1468531000000439;0.1480311000000256;0.1501238999999259;0.1556550999998762;0.1537106000000676;0.1576794999996309;0.1599288999996133;0.1597059999999146;0.1669692000000395;0.1646983999999065;0.1683889000000817;0.1717686000001776;0.1722987999996803;0.1752892999998039;0.1767509000001155;0.1763353000001188;0.1831320999999661;0.1815566000000217;0.1872413000000961;0.1897100000001046;0.1939719000001787;0.1936718000001747;0.1938039000001481;0.1970677000003888;0.1981615999998212;0.2033747000000403
0.0013549000000239;0.0029500000000552;0.0044674999999188;0.0060713000002579;0.0085730000000694;0.0109080000001995;0.0116785999998683;0.013770999999906;0.0155036000001018;0.0169933000001947;0.0192837999998118;0.0202318000001469;0.0342412999998487;0.0357844000000113;0.0377717999999731;0.0279917000002569;0.0415884999997615;0.0404084000001603;0.04837230000021;0.0477422999997543;0.0378011999996488;0.0382513999998082;0.0524870999997801;0.0552359000002979;0.0561787999999978;0.0596766999997271;0.0612847000002148;0.0625280999997812;0.0524289999998472;0.0659826999999495;0.0691317000000708;0.0705086000002666;0.0712376999999833;0.0750156999997671;0.0768309999998564;0.0776837999997042;0.0807108999997581;0.0819544999999379;0.0810318999997434;0.0741993999999977;0.0876586999997925;0.0896020999998654;0.0809487000001354;0.0925717000000077;0.0923288000003594;0.0860739999998259;0.090627300000051;0.0895528999999442;0.0933216999997057;0.0953867000002901;0.0959890999997696;0.0977809999999408;0.1009853999998995;0.1015456999998605;0.1173425000001771;0.1062541999999666;0.1095832999999402;0.1107268999999178;0.1128591000001506;0.1241224000000329;0.1175485999997363;0.1193845999996483;0.1210998999999901;0.123572200000126;0.1231824999999844;0.1276654999996935;0.1329129999999168;0.1346706000003905;0.1359905000003891;0.1348047999999835;0.1384413999999196;0.1397357999999258;0.1420021999997516;0.1445383999998739;0.1569312999999965;0.1477266000001691;0.1506549000000632;0.1532677000000148;0.152472399999624;0.1586156000003029;0.1564746000003651;0.1582352000000355;0.1660411000002568;0.1626728999999613;0.1685492000001431;0.1681496999999581;0.1709052999999585;0.1722153000000617;0.1743270000001757;0.1758803999996416;0.1803969000002325;0.1816746999998031;0.1841268000002855;0.1870951000000786;0.1907224000001406;0.1890648999997211;0.1931217000001197;0.1966929000000163;0.1989506999998411;0.2026634999997441
0.0013755999998465;0.0033109999999396;0.0045498999998017;0.0111753000001044;0.0078757000001132;0.0099259999997229;0.0149209999999584;0.0141515000000254;0.0225399999999353;0.0166647000000921;0.0201765000001614;0.0219240000001263;0.0240394999996169;0.0238149000001612;0.0263141999998879;0.0274914999999964;0.0307953000001361;0.0398433999998815;0.0340805000000727;0.03937599999972;0.0370676000002276;0.0508841000000757;0.0415520999999898;0.0425811999998586;0.046141599999828;0.0466983000001164;0.0559604000000035;0.0630823000001328;0.0533896000001732;0.0538799999999355;0.0649597000001449;0.0587388000003556;0.0600776999999652;0.0643579000002319;0.065059999999903;0.0669619000000238;0.0688196000000971;0.0711478000002898;0.0855638000002727;0.0740663999999924;0.0760205999999925;0.0791451000000051;0.0807213999996747;0.0827703999998448;0.0846157999999377;0.085244700000203;0.0996272000002136;0.1018208000000413;0.1029788000000735;0.0939704999996138;0.1092782999999144;0.0966054999998959;0.1007520999996813;0.1021490999996785;0.1167153999999754;0.1185058999999455;0.1093544000000292;0.1118645000001379;0.1133325000000695;0.1141359999996893;0.1191067999998267;0.1181661000000531;0.1210390999999617;0.1335634000001846;0.1302708999996866;0.1325579999997899;0.1356721000001925;0.1386250999998992;0.1349175999998806;0.1358894999998483;0.1409668000001147;0.1409004000001914;0.1470085999999355;0.1437926000003244;0.1538943999998991;0.1473015000001396;0.1500422999997681;0.1539239999997335;0.1538414000001466;0.1567555999999967;0.1575159999997595;0.159212000000025;0.1647931000002245;0.1663779000000431;0.1679134000000886;0.1691995000001043;0.1698366000000533;0.1732323000001088;0.1762774999997418;0.1765761999999995;0.1813088999997489;0.1820189999998547;0.1855407000002742;0.1892132000002675;0.1876996000000872;0.1905958000002101;0.1904153000000406;0.1973479000002953;0.1988390999999865;0.199887000000217
0.0026409000001876;0.0028508999998848;0.0048056000000542;0.0062403000001722;0.007777199999964;0.0187051000002611;0.0220600000002377;0.0132069999999657;0.0188668000000689;0.0168235000001004;0.0304048000002694;0.0301583000000391;0.0309204000000136;0.0256116999998994;0.0378015999999661;0.0277699999996912;0.0425217999995766;0.0431751000000986;0.0449296000001595;0.0391513999998096;0.0493532000000414;0.050492800000029;0.0409058999998706;0.0552278999998634;0.0584892000001673;0.0587454000001343;0.0605392000002211;0.0653777999996236;0.0536194999999679;0.0677958999999646;0.0575187999997979;0.0590445000002546;0.0670380999999906;0.0749989000000823;0.0767799000000195;0.0675118999997721;0.0798638000001119;0.0817280999999638;0.0853451000002678;0.0853984999998829;0.0879605000000083;0.0886757000002944;0.0923923999998805;0.0913555000001906;0.0853476999996019;0.0855999999998857;0.0966131000000132;0.089259100000163;0.0921315000000504;0.0999151000000893;0.1040766999999505;0.110268299999916;0.1053059000000757;0.113702000000103;0.1054226000001108;0.1146097000000736;0.1210072999997464;0.1131246999998438;0.1155681999998705;0.1173050000002149;0.1256421999996746;0.1305750000001353;0.1224103999998078;0.1291958000001614;0.1262940000001435;0.1388941999998678;0.1294803000000683;0.1346506999998382;0.1357678999997915;0.1393782000000101;0.1408383000002686;0.147644499999842;0.1468654999998762;0.1506105999997089;0.1468298999998296;0.1516348000000107;0.1497036000000662;0.155174800000168;0.1545238000003337;0.154641999999967;0.1615443999999115;0.1597474999998667;0.1677463000000898;0.1721032999998897;0.1675483999997595;0.1700862000002416;0.1748496000000159;0.1775694000002659;0.1760420999999041;0.1784818999999515;0.181930199999897;0.1847717000000557;0.1864712999999938;0.1885446999999658;0.188683299999866;0.1934199000002081;0.1944526000002042;0.1938725999998496;0.1977985000003173;0.2011345999999321
0.0013697000003958;0.0028776999997717;0.0091085999997631;0.006117500000073;0.0084075999998276;0.0102022999999462;0.0122794000003523;0.0135115999996742;0.0155403999997361;0.0169148999998469;0.0197499000000789;0.0256825000001299;0.0341154999996433;0.0325255000002471;0.0266635999996651;0.0398107000000891;0.0298253000000841;0.0438975000001846;0.041767499999878;0.0471400999999787;0.0378662000002805;0.0516268000001218;0.0408824000001004;0.0436924999999064;0.054318499999681;0.0631554000001415;0.0521259000001919;0.0608532000001105;0.0531366999998681;0.0657504999999218;0.0682348999998794;0.067493800000193;0.0632647999996152;0.0756493000003502;0.0649234000002252;0.0747538999999051;0.0831938999999692;0.0822487999998884;0.0843709999999191;0.0868553999998766;0.0756759000000784;0.0790081999998619;0.0928731000003608;0.0822382999999717;0.0854793000003155;0.0866138000001228;0.0983077000000776;0.0975109999999404;0.0929670999998961;0.0979714000000058;0.0972489999999197;0.0989854999997987;0.1100953000000117;0.1511162000001604;0.1437587000000348;0.1541696999997839;0.147012899999936;0.1427514000001792;0.1124841999999262;0.1153730000000905;0.1183813000002373;0.1307977999999821;0.1213273000003027;0.1286314999997557;0.149405999999999;0.136024300000372;0.1328915999997661;0.1399975999997877;0.1348856000004161;0.1496214999997391;0.1560832999998638;0.2076726000000235;0.1638189999998758;0.1909675000001698;0.1603987999997116;0.1499340999998821;0.1510966000000735;0.1645916999996188;0.1547261999999136;0.1570502999998098;0.163195000000087;0.1601736000002347;0.1633034999999836;0.1653450999997403;0.1650125000001026;0.1684371999999712;0.173255700000027;0.1791527999998834;0.1762414999998327;0.1757588999998915;0.1771563999996033;0.1823256000002402;0.1831577000002653;0.187899600000037;0.1883068999995885;0.1904605999998239;0.1948841000003085;0.1934903999999733;0.1969339000002037;0.1974879999997938
0.0015275000000656;0.0028847999997196;0.0045469000001503;0.0120474999998805;0.0143288000003849;0.0187396000001172;0.0213890999998511;0.0221979999996619;0.0150966000001062;0.0263184999998884;0.0210941000000275;0.0218291000001045;0.0220366999997168;0.0256854999997813;0.0255986000001939;0.0341096000001925;0.0318835999996736;0.0404609000001983;0.045527199999924;0.0354080000001886;0.0492219000002478;0.039198099999794;0.0413675999998304;0.0554426999997303;0.0541748000000552;0.0599280999999791;0.0606468000000859;0.0587599000000409;0.0648184000001492;0.0672009999998408;0.0568668999999317;0.0594300999996448;0.0606133000001136;0.0638191999996706;0.0770565999996506;0.066003300000375;0.0684206000000813;0.0819391999998515;0.0747367000003578;0.0747599999999693;0.0758354999998118;0.090539599999829;0.0815303999997922;0.0823397999997723;0.086033099999895;0.0868755999999848;0.0879205000001093;0.0902725999999347;0.0924205999999685;0.1081287000001793;0.0964175000003706;0.1003178000000843;0.0996615999997629;0.1022419000000809;0.1171380000000681;0.1065159999998286;0.1190607999997155;0.1121186999998826;0.1248427000000447;0.1133896999999706;0.1160621999997602;0.1199486999998953;0.1212193999999726;0.1233314000000973;0.1236839000002874;0.1278440000000955;0.136575300000004;0.1330433000002813;0.1365046000000802;0.1378505000002405;0.1381264999999985;0.1397372999999788;0.1426541999999244;0.1454657999997834;0.1469035999998595;0.1492505000001074;0.1512393000002703;0.1536466000002292;0.1554429000002528;0.1569703000000117;0.1624563000000307;0.1626101000001654;0.1669462999998359;0.1652730999999221;0.1703674000000319;0.1704897999998138;0.1737550000002556;0.1753229000000828;0.1756689000003461;0.1784581000001708;0.1821168999999827;0.1834735999996155;0.197361600000022;0.1878732000000127;0.1900548999997227;0.1901855000000978;0.1955484000000069;0.196693100000175;0.1992422000002989;0.2035565999999562
0.0017195000000356;0.0028632999997171;0.0044786999997086;0.0061720000003333;0.0085791000001336;0.0098882000002049;0.0194330000003901;0.0139043999997738;0.0187697000001207;0.0165615999999317;0.0196169000000736;0.031961599999704;0.0226680000000669;0.0366887999998652;0.0272414000000935;0.0390452999999979;0.032670600000074;0.0316318999998657;0.0333682000000408;0.03493219999973;0.0488965999998072;0.0507155000000238;0.0418548000002374;0.0433461000002353;0.0578805999998621;0.0511473000001387;0.0527840999998261;0.0600977999997667;0.0646179000000302;0.062372299999879;0.0567329000000427;0.0583621000000675;0.0727952000002005;0.0693624999998974;0.0763981000000058;0.0667822999998861;0.0808977000001505;0.0819726999998238;0.0857371000001876;0.0741054999998596;0.0876284000000851;0.0881057999999939;0.0814181000000644;0.0934784000000945;0.0850234000004093;0.0861436000000139;0.0889405000002625;0.0915290000002642;0.0924000999998497;0.0969043000000056;0.0961788000004162;0.103704099999959;0.1017378000001372;0.1076531999997314;0.1053804999996828;0.1140387000000373;0.1090321000001495;0.1219332999999096;0.1139631999999437;0.1145654000001741;0.1229307999997217;0.1190004000000044;0.1208560000000034;0.1249689000001126;0.1241141000000425;0.1254561999999168;0.1315721000000849;0.1322801000001163;0.1373015999997733;0.1379136999998991;0.1368365999996967;0.1410286000000269;0.1505545999998503;0.1446571999999832;0.1468960000001971;0.149312899999586;0.1571545000001606;0.1559793000001264;0.1624618000000737;0.1561323999999331;0.1635038999997959;0.1605340999999498;0.1643020000001342;0.1644422000003942;0.1776550999998107;0.1682932999997319;0.1709059999998317;0.173073899999963;0.1762377999998534;0.1753879000002598;0.1841082999999344;0.1896137999997336;0.1818432000000029;0.18983900000012;0.1901097999998455;0.1947818999997252;0.1931695999996918;0.1938789999999244;0.1991484000000127;0.1991980000002513
0.0014252000000851;0.0037600999999085;0.0050454000001991;0.0072311000003537;0.0129446999999345;0.0101392999999916;0.015632000000096;0.0131377999996402;0.0155245999999351;0.0179401000000325;0.0188230000003386;0.0221243000000868;0.0243104000001039;0.0331315000003087;0.0264241999998375;0.027494999999817;0.0333446999998159;0.0321696999999403;0.0347595000002911;0.0469611999997141;0.0376874999997198;0.040476000000126;0.0528100999999878;0.0433755999997629;0.0457321999997475;0.0628897000001416;0.0501109000001633;0.0600952999998298;0.0641602000000602;0.0546186999999918;0.057986400000118;0.0715887999999722;0.066039499999988;0.0720759000000725;0.0777416999999331;0.0775736999999026;0.0693559999999706;0.0820631999999932;0.0731439999999565;0.0813841999997748;0.0759103999998842;0.0879749999999148;0.0808087999998861;0.0958161999997173;0.0921457999997983;0.0967544000000089;0.0995112000000517;0.0907193000002735;0.0982622999999875;0.096638399999847;0.1082109999997555;0.1103193000003557;0.1020776000000296;0.1122583000001213;0.1104655000003731;0.1132325999997192;0.1089584999999715;0.1110282999998162;0.1136559999999917;0.1156996999998227;0.1163391999998566;0.1190088000003015;0.1245270000003984;0.1277432000001681;0.1237856000002466;0.1347897000000557;0.1390231999998832;0.1411849000000984;0.1447392000000036;0.1365222999997968;0.1497073999998974;0.1425429000000804;0.1424565999996048;0.1441608999998607;0.1467900000002373;0.1490737000003719;0.1537567999998828;0.1544248999998672;0.1572236000001794;0.1546946999997089;0.1594722999998339;0.1587712000000465;0.1666986000000179;0.1726564000000507;0.1745397999998204;0.1705136000000493;0.1743003000001408;0.1751775000002453;0.1749054000001706;0.1765653000002203;0.183255200000076;0.1802664000001641;0.1854816000000028;0.1861280000002807;0.1923728000001574;0.1914796999999453;0.1954441000002589;0.1950249999999869;0.1978952999998;0.2013570999997682
0.0013856999999006;0.0056862000001274;0.0062497000003531;0.0072247000002789;0.0086612999998578;0.0113943000001199;0.013716999999815;0.0136180999998032;0.0163833000001432;0.0170474000001377;0.0207187999999405;0.0211588000001938;0.0239237000000684;0.0260210000001279;0.0261909000000741;0.0285716000003048;0.0434669000001122;0.0421943999999712;0.0347674999998162;0.0478519999996933;0.0494633000002977;0.0425682000000051;0.0445957000001726;0.0472764999999526;0.0587092999999185;0.0525038000000677;0.0619009000001824;0.0622072000001026;0.065976800000044;0.0677857999999105;0.0663825999999971;0.0713659999996707;0.0734582999998565;0.0678751999998894;0.0784819000000425;0.0806053000001156;0.0821571000001313;0.0843429000001378;0.0880778999999165;0.0884420000002137;0.0905690999998114;0.0914943000002495;0.0937413999999989;0.0959963999998763;0.0947249000000738;0.1015287000000171;0.1047251999998479;0.0960907999997289;0.1083622999999534;0.1084228999998231;0.101407300000119;0.1067787999995744;0.1120719999998982;0.1157656000000315;0.1182083999997303;0.111097299999983;0.1249292000002242;0.1234156000000439;0.1277454999999463;0.1173791000001074;0.1218378999997185;0.125277399999959;0.1356062999998357;0.1332738999999492;0.1277563000003283;0.1312162000003809;0.1332491000002846;0.1427675999998428;0.1466877999996541;0.1415640999998686;0.1399946000001364;0.1533630999997512;0.154500999999982;0.1522438000001784;0.153165700000045;0.1640650999997888;0.1576869000000442;0.1567092999998749;0.1621957000002112;0.1626878999995824;0.1677168999999594;0.1646490000002813;0.171991700000035;0.1702336999996987;0.171712700000171;0.1790823999999702;0.1833014999997431;0.18045149999989;0.1816477000002123;0.1810358999996424;0.1866485999998985;0.1861745999999584;0.1924360999996679;0.1953780000003462;0.1989952999997513;0.19920460000003;0.2026000999999269;0.2041352999999617;0.2064275000002453;0.209851399999934
0.0026436000002831;0.0056545000002188;0.0076627999997072;0.0060296000001471;0.0080532000001767;0.0107868000000053;0.0113917000003311;0.0136130000000775;0.0161620000003495;0.0275067000002309;0.0184856999999283;0.0207699000002321;0.0237230000002455;0.0237769999998818;0.0313350000001264;0.038880699999936;0.0312442999997983;0.0312886000001526;0.0348644000000604;0.035625600000003;0.0494112999999742;0.0511899999996785;0.0415493000000424;0.0471461999995881;0.0451433999996879;0.0569623999999748;0.0607380999999804;0.0626800999998522;0.0523046000002977;0.0563679000001684;0.0681058000000121;0.0579272999998465;0.0597772999999506;0.0741720000000896;0.076677799999743;0.0660029000000577;0.077958800000033;0.0705646999999771;0.0795138999997107;0.0859026000002813;0.0757128999998713;0.077663599999596;0.0805037000000084;0.0915145999997548;0.0888614000000416;0.0942738999997345;0.0878193000003193;0.1003074000000197;0.1037633999999343;0.0935881999998855;0.0967999999998028;0.0974882000000434;0.0994042000002082;0.1044884000002639;0.112022600000273;0.1074717999999848;0.1090230999998311;0.1108483000002706;0.1128546999998434;0.1220659999999043;0.1173060000000987;0.1192163999999138;0.1207014999999955;0.1268146000002161;0.1239619000002676;0.1375560999999834;0.1370148999999401;0.1447739000000183;0.1362518000000818;0.1400029999999787;0.1493697999999312;0.1453940999999758;0.1426456999997754;0.1488610999999764;0.1515285999998923;0.1552486000000499;0.1524007000002711;0.1531118000002607;0.1554949999999735;0.1557170000000951;0.1565450999996755;0.1613181000002441;0.1695694999998522;0.1665834999998878;0.1669262999998864;0.1680245999996259;0.1728076000003966;0.1738534000000982;0.1770559999999932;0.1744582999999693;0.1789187999997921;0.1814980999997715;0.1824543999996422;0.1870972000001529;0.1864661999998134;0.1884170999996968;0.1937455999996018;0.1954906000000846;0.1975981999999021;0.1977109999997992
0.0013552999998864;0.0037194999999883;0.0047244000002137;0.0109919999999874;0.0124468999997588;0.0126024000001052;0.011623899999904;0.0176240000000689;0.0158772999998291;0.0174801000002844;0.0184840000001713;0.0266139999998813;0.0220299999996314;0.0341100999999071;0.0375883000001522;0.0395499999999628;0.0311031999999613;0.0318505000000186;0.0450794999997015;0.0470906999998987;0.0485417999998389;0.0388315000000147;0.0415368000003582;0.0432329000000208;0.044265600000017;0.0526649000003089;0.0525619000000006;0.0514471999999841;0.0528103000001465;0.0636857999998028;0.0674570999999559;0.0701168999999026;0.0709643999998661;0.0649997000000439;0.0665190000004258;0.0658429999998588;0.0802203000002919;0.0695480999997926;0.0842348999999558;0.0825841000000764;0.0758252000000538;0.0781402000002344;0.0812903000000915;0.091606700000284;0.0844277999999576;0.0848962000000028;0.0882891999999628;0.0901191999996626;0.0993658000002142;0.1005131000001711;0.0956556000001001;0.0989795000000413;0.0992818999998235;0.1022083999996539;0.1110787000002346;0.1061124000002564;0.1083338000003095;0.1148248999998031;0.1221843000002991;0.1139646999999968;0.1219320000000152;0.1249698999999964;0.121580300000005;0.1206662999998116;0.1307572000000618;0.1331491000000824;0.1414612000003217;0.1322371000001112;0.1423314999997273;0.1363375000000815;0.139942400000109;0.1427318000000923;0.1441760000002432;0.1452438999999685;0.1480963999997584;0.1484582999996746;0.1508485999997901;0.1515521000001172;0.1531245999999555;0.1547390000000632;0.1554722999999285;0.1609078999999837;0.1667268999999578;0.1684260000001813;0.1661590000003343;0.1683145000001786;0.1739016999999876;0.1754636999999093;0.1750188999999409;0.1759811000001718;0.1783136999997623;0.1841519999998127;0.1827164999999695;0.1858431999999084;0.1883790000001681;0.1900954000002457;0.194399500000145;0.1926130000001649;0.1971308000001954;0.1997744000000239
0.0026449000001775;0.0045173999997132;0.0088055000001077;0.0115716000000247;0.0079577999999855;0.0130692000002454;0.0139457999998739;0.014282600000115;0.0152747000001909;0.0176354999998693;0.0204430999997384;0.0219519000002037;0.0230351999998674;0.0237100999997892;0.0378759000000172;0.0275855999998384;0.0418926999996074;0.0313435000002755;0.0344872999999097;0.0438333000001875;0.0490205999999489;0.0399284000000079;0.0416673999998238;0.056861900000058;0.0452463000001444;0.0689015999996627;0.0513983999999254;0.0629577999998218;0.0620936999998775;0.0639226999996935;0.0677365000001373;0.0702564000002894;0.0693596999999499;0.0753628000002208;0.0769839999998112;0.0784112000001187;0.0681620999998813;0.0816300000001319;0.0867192000000613;0.0860233000003063;0.0869570999998359;0.0896646000001055;0.0933302000003095;0.0927529999999023;0.0963600999998561;0.0974609999998392;0.0881534999998621;0.0943803000000116;0.0928668999999899;0.1094554999999672;0.0967088000002149;0.1094339000001127;0.1086059999997814;0.1101174000000355;0.1144352000001163;0.1130780000003142;0.1148764999998093;0.1173971000002893;0.1245788999999604;0.1136718000002474;0.1279999999997016;0.1310727999998562;0.132340799999838;0.1230931000000055;0.129045600000154;0.138488099999904;0.1298809999998411;0.1406520999998974;0.1355361999999331;0.1379228999999213;0.1372086000001218;0.1393471999999747;0.1466324999996686;0.1440001000000847;0.1496827000000848;0.1517915999997967;0.1507620000002134;0.158700399999816;0.1530734000002667;0.1571788000001106;0.1578625999995893;0.15902479999977;0.1631096999999499;0.1637998999999581;0.1654892999999901;0.1683907999999974;0.1728226000000177;0.176918999999998;0.174431800000093;0.1809765999996671;0.1803017000002;0.1813286999999945;0.1857780999998795;0.1852506000000175;0.1894675000003189;0.1922621999997318;0.1914616000003661;0.1965301000000181;0.1961324999997487;0.1981823000000986
0.0026465999999345;0.0028829000002588;0.004887200000212;0.0120646000000306;0.0153816999995797;0.0157399999998233;0.0125072000000727;0.0131060999997316;0.0160293000003548;0.0285842000002958;0.0183226999997714;0.0303309000000808;0.028460399999858;0.0250151999998706;0.0338169999999991;0.0394264999999904;0.041874000000007;0.0429426999999122;0.0454500999999254;0.0507536999998592;0.049575100000311;0.0413774000003286;0.0534188999999969;0.054612299999917;0.0585033000002113;0.0617019999999683;0.0615062000001671;0.0641104999999697;0.0646093000000291;0.0661086000000068;0.0574879000000692;0.0605714999996962;0.0714760000000751;0.0718091999997341;0.0759855999999672;0.066912400000092;0.0809738999996625;0.0693902000002708;0.0741917999998804;0.0747691000001395;0.0749246000000312;0.0833017999998446;0.0807511999996677;0.0886195999996743;0.0843502000002445;0.0858923999999206;0.0959553000002415;0.0904398000002402;0.0921619000000646;0.095152699999744;0.1071218000001863;0.1077809999997043;0.1020086000003175;0.1101976999998441;0.1056819999998879;0.107260799999949;0.1145632000002478;0.1105820999996467;0.1132809000000634;0.1142384999998284;0.1229306999998698;0.1187605000000076;0.1219246000000566;0.1221165000001747;0.1227490000001125;0.1258465999999316;0.1310831000000689;0.1343335999999908;0.1359403999999813;0.1382546999998339;0.1382886999999755;0.1396598000001176;0.1426291000002493;0.1438124000001153;0.1521970999997393;0.1485481999998228;0.1495331999999507;0.1534796000000824;0.1556015999999545;0.1563818999998147;0.1584221000002799;0.1609048000000257;0.1646013999998103;0.1627926999999545;0.1693777000000409;0.1687942000003204;0.1728395999998611;0.1743406999999024;0.1761793999999099;0.1772900999999365;0.1830743000000438;0.1818726000001334;0.1840197999999873;0.1897440999996433;0.1886461000003692;0.1902681999999913;0.1912387000002127;0.1968207999998412;0.1972786000001178;0.1990966000003027
0.0014218999999684456;0.0028609000000869855;0.00492839999969874;0.006205300000146963;0.014947099999972124;0.011745100000098319;0.01168180000013308;0.013687000000118132;0.015363499999693886;0.026786800000081712;0.02214959999992061;0.020949000000200613;0.023899799999981042;0.03308599999991202;0.03755120000005263;0.02861090000033073;0.031056099999659637;0.03973949999999604;0.04544700000042212;0.046672400000261405;0.03731000000016138;0.050736200000301324;0.04234070000029533;0.042974299999968935;0.055390299999999115;0.06750659999988784;0.05851440000014918;0.05203680000022359;0.05308880000029603;0.06620519999978569;0.056727000000137195;0.06525180000016917;0.07269289999976536;0.06335539999963657;0.06486569999970015;0.06632730000001175;0.08109749999994165;0.08149570000023232;0.07342689999995855;0.07518590000017866;0.07693670000026032;0.07822800000030838;0.09320690000004106;0.09117340000011609;0.09522809999998572;0.08522889999994732;0.10097059999998237;0.08981600000015533;0.09932440000011411;0.09906860000000961;0.09725310000021636;0.09911820000024818;0.1005924999999479;0.10146230000009382;0.11003949999985707;0.11310500000035972;0.10912529999995968;0.11212239999986195;0.11217329999999492;0.11425850000023274;0.11696319999964544;0.12208090000012817;0.12131690000023809;0.1286589000001186;0.12595710000005056;0.12534779999987222;0.12981650000028822;0.13356320000002597;0.13552770000023884;0.13582029999997758;0.1385642000000189;0.14900749999969776;0.14358450000008816;0.1510787000001983;0.1460904999999002;0.1467491000003065;0.15118540000003122;0.15293209999981627;0.153098200000386;0.15629420000004757;0.15944770000032804;0.1608424000000923;0.17326080000020738;0.16274160000011761;0.16853690000016286;0.16830000000027212;0.17130169999973077;0.1736110000001645;0.17456670000001395;0.1758601000001363;0.1846494999999777;0.18219479999970645;0.18358390000003055;0.18689630000017132;0.18888360000028115;0.1923479000001862;0.19432559999995647;0.19609330000002956;0.19565460000012536;0.2022133999998914
